Project Path: arc_KANKOSHEV_Detect-MouseClassServiceCallback_kmxahoje

Source Tree:

```txt
arc_KANKOSHEV_Detect-MouseClassServiceCallback_kmxahoje
├── README.md
├── kernel
│   ├── entry.cpp
│   ├── inlinehook
│   │   └── inlinehook.h
│   ├── kernel.inf
│   ├── kernel.vcxproj
│   ├── kernel.vcxproj.filters
│   ├── kernel.vcxproj.user
│   └── library
│       ├── globals.h
│       ├── hook.h
│       ├── stdint.h
│       ├── structs.h
│       └── utils.h
└── kernel.sln

```

`README.md`:

```md
# Detect-MouseClassServiceCallback
mouseclassservicecallback detection via hook

![hippo](https://i.ibb.co/nsjbzzw/bandicam-2022-02-07-11-40-10-736.gif)

```

`kernel.sln`:

```sln

Microsoft Visual Studio Solution File, Format Version 12.00
# Visual Studio Version 16
VisualStudioVersion = 16.0.31911.196
MinimumVisualStudioVersion = 10.0.40219.1
Project("{8BC9CEB8-8B4A-11D0-8D11-00A0C91BC942}") = "kernel", "kernel\kernel.vcxproj", "{2211136A-E9DC-44ED-ACB0-F342DC08C4DC}"
EndProject
Global
	GlobalSection(SolutionConfigurationPlatforms) = preSolution
		Debug|ARM = Debug|ARM
		Debug|ARM64 = Debug|ARM64
		Debug|x64 = Debug|x64
		Debug|x86 = Debug|x86
		Release|ARM = Release|ARM
		Release|ARM64 = Release|ARM64
		Release|x64 = Release|x64
		Release|x86 = Release|x86
	EndGlobalSection
	GlobalSection(ProjectConfigurationPlatforms) = postSolution
		{2211136A-E9DC-44ED-ACB0-F342DC08C4DC}.Debug|ARM.ActiveCfg = Debug|ARM
		{2211136A-E9DC-44ED-ACB0-F342DC08C4DC}.Debug|ARM.Build.0 = Debug|ARM
		{2211136A-E9DC-44ED-ACB0-F342DC08C4DC}.Debug|ARM.Deploy.0 = Debug|ARM
		{2211136A-E9DC-44ED-ACB0-F342DC08C4DC}.Debug|ARM64.ActiveCfg = Debug|ARM64
		{2211136A-E9DC-44ED-ACB0-F342DC08C4DC}.Debug|ARM64.Build.0 = Debug|ARM64
		{2211136A-E9DC-44ED-ACB0-F342DC08C4DC}.Debug|ARM64.Deploy.0 = Debug|ARM64
		{2211136A-E9DC-44ED-ACB0-F342DC08C4DC}.Debug|x64.ActiveCfg = Debug|x64
		{2211136A-E9DC-44ED-ACB0-F342DC08C4DC}.Debug|x64.Build.0 = Debug|x64
		{2211136A-E9DC-44ED-ACB0-F342DC08C4DC}.Debug|x64.Deploy.0 = Debug|x64
		{2211136A-E9DC-44ED-ACB0-F342DC08C4DC}.Debug|x86.ActiveCfg = Debug|Win32
		{2211136A-E9DC-44ED-ACB0-F342DC08C4DC}.Debug|x86.Build.0 = Debug|Win32
		{2211136A-E9DC-44ED-ACB0-F342DC08C4DC}.Debug|x86.Deploy.0 = Debug|Win32
		{2211136A-E9DC-44ED-ACB0-F342DC08C4DC}.Release|ARM.ActiveCfg = Release|ARM
		{2211136A-E9DC-44ED-ACB0-F342DC08C4DC}.Release|ARM.Build.0 = Release|ARM
		{2211136A-E9DC-44ED-ACB0-F342DC08C4DC}.Release|ARM.Deploy.0 = Release|ARM
		{2211136A-E9DC-44ED-ACB0-F342DC08C4DC}.Release|ARM64.ActiveCfg = Release|ARM64
		{2211136A-E9DC-44ED-ACB0-F342DC08C4DC}.Release|ARM64.Build.0 = Release|ARM64
		{2211136A-E9DC-44ED-ACB0-F342DC08C4DC}.Release|ARM64.Deploy.0 = Release|ARM64
		{2211136A-E9DC-44ED-ACB0-F342DC08C4DC}.Release|x64.ActiveCfg = Release|x64
		{2211136A-E9DC-44ED-ACB0-F342DC08C4DC}.Release|x64.Build.0 = Release|x64
		{2211136A-E9DC-44ED-ACB0-F342DC08C4DC}.Release|x64.Deploy.0 = Release|x64
		{2211136A-E9DC-44ED-ACB0-F342DC08C4DC}.Release|x86.ActiveCfg = Release|Win32
		{2211136A-E9DC-44ED-ACB0-F342DC08C4DC}.Release|x86.Build.0 = Release|Win32
		{2211136A-E9DC-44ED-ACB0-F342DC08C4DC}.Release|x86.Deploy.0 = Release|Win32
	EndGlobalSection
	GlobalSection(SolutionProperties) = preSolution
		HideSolutionNode = FALSE
	EndGlobalSection
	GlobalSection(ExtensibilityGlobals) = postSolution
		SolutionGuid = {CF052229-3368-4356-AE4A-77406BD2CB75}
	EndGlobalSection
EndGlobal

```

`kernel/entry.cpp`:

```cpp
#include "library/globals.h"

NTSTATUS entry_point(PVOID a1, PVOID a2)
{
	if (!NT_SUCCESS(init_mouse_service()))
		return STATUS_UNSUCCESSFUL;

	if(!NT_SUCCESS(!init_hook()))
		return STATUS_UNSUCCESSFUL;

	return STATUS_SUCCESS;	
}

```

`kernel/inlinehook/inlinehook.h`:

```h
#pragma once

static BYTE INSTRUCTION_TABLE_00[] = { 3, 3, 3, 3, 3, 7, 3, 3, 3, 3, 3, 3, 3, 7, 3, 3, 3, 3, 3, 3, 3, 7, 3, 3, 3, 3, 3, 3, 3, 7, 3, 3, 3, 3, 3, 3, 3, 7, 3, 3, 3, 3, 3, 3, 3, 7, 3, 3, 3, 3, 3, 3, 3, 7, 3, 3, 3, 3, 3, 3, 3, 7, 3, 3, 3, 3, 3, 3, 3, 7, 3, 3, 3, 3, 3, 3, 3, 7, 3, 3, 3, 3, 3, 3, 3, 7, 3, 3, 3, 3, 3, 3, 3, 7, 3, 3, 3, 3, 3, 3, 3, 7, 3, 3, 3, 3, 3, 3, 3, 7, 3, 3, 3, 3, 3, 3, 3, 7, 3, 3, 3, 3, 3, 3, 3, 7, 3, 3, 3, 3, 3, 3, 3, 7, 3, 3, 3, 3, 3, 3, 3, 7, 3, 3, 3, 3, 3, 3, 3, 7, 3, 3, 3, 3, 3, 3, 3, 7, 3, 3, 3, 3, 3, 3, 3, 7, 3, 3, 3, 3, 3, 3, 3, 7, 3, 3, 3, 3, 3, 3, 3, 7, 3, 3, 3, 3, 3, 3, 3, 7, 3, 3, 3, 3, 3, 3, 3, 7, 3, 3, 3, 3, 3, 3, 3, 7, 3, 3, 3, 3, 3, 3, 3, 7, 3, 3, 3, 3, 3, 3, 3, 7, 3, 3, 3, 3, 3, 3, 3, 7, 3, 3, 3, 3, 3, 3, 3, 7, 3, 3, 3, 3, 3, 3, 3, 7, 3, 3, 3, 3, 3, 3, 3, 7, 3, 3, };
static BYTE INSTRUCTION_TABLE_01[] = { 2, 2, 2, 2, 16, 6, 2, 2, 2, 2, 2, 2, 16, 6, 2, 2, 2, 2, 2, 2, 16, 6, 2, 2, 2, 2, 2, 2, 16, 6, 2, 2, 2, 2, 2, 2, 16, 6, 2, 2, 2, 2, 2, 2, 16, 6, 2, 2, 2, 2, 2, 2, 16, 6, 2, 2, 2, 2, 2, 2, 16, 6, 2, 2, 3, 3, 3, 3, 4, 3, 3, 3, 3, 3, 3, 3, 4, 3, 3, 3, 3, 3, 3, 3, 4, 3, 3, 3, 3, 3, 3, 3, 4, 3, 3, 3, 3, 3, 3, 3, 4, 3, 3, 3, 3, 3, 3, 3, 4, 3, 3, 3, 3, 3, 3, 3, 4, 3, 3, 3, 3, 3, 3, 3, 4, 3, 3, 3, 6, 6, 6, 6, 7, 6, 6, 6, 6, 6, 6, 6, 7, 6, 6, 6, 6, 6, 6, 6, 7, 6, 6, 6, 6, 6, 6, 6, 7, 6, 6, 6, 6, 6, 6, 6, 7, 6, 6, 6, 6, 6, 6, 6, 7, 6, 6, 6, 6, 6, 6, 6, 7, 6, 6, 6, 6, 6, 6, 6, 7, 6, 6, 6, 2, 2, 2, 2, 2, 2, 2, 2, 2, 2, 2, 2, 2, 2, 2, 2, 2, 2, 2, 2, 2, 2, 2, 2, 2, 2, 2, 2, 2, 2, 2, 2, 2, 2, 2, 2, 2, 2, 2, 2, 2, 2, 2, 2, 2, 2, 2, 2, 2, 2, 2, 2, 2, 2, 2, 2, 2, 2, 2, 2, 2, 2, 2, 2, };
static BYTE INSTRUCTION_TABLE_02[] = { 3, 3, 3, 3, 4, 7, 3, 3, 3, 3, 3, 3, 4, 7, 3, 3, 3, 3, 3, 3, 4, 7, 3, 3, 3, 3, 3, 3, 4, 7, 3, 3, 3, 3, 3, 3, 4, 7, 3, 3, 3, 3, 3, 3, 4, 7, 3, 3, 0, 0, 0, 0, 0, 0, 0, 0, 0, 0, 0, 0, 0, 0, 0, 0, 4, 4, 4, 4, 5, 4, 4, 4, 4, 4, 4, 4, 5, 4, 4, 4, 4, 4, 4, 4, 5, 4, 4, 4, 4, 4, 4, 4, 5, 4, 4, 4, 4, 4, 4, 4, 5, 4, 4, 4, 4, 4, 4, 4, 5, 4, 4, 4, 0, 0, 0, 0, 0, 0, 0, 0, 0, 0, 0, 0, 0, 0, 0, 0, 7, 7, 7, 7, 8, 7, 7, 7, 7, 7, 7, 7, 8, 7, 7, 7, 7, 7, 7, 7, 8, 7, 7, 7, 7, 7, 7, 7, 8, 7, 7, 7, 7, 7, 7, 7, 8, 7, 7, 7, 7, 7, 7, 7, 8, 7, 7, 7, 0, 0, 0, 0, 0, 0, 0, 0, 0, 0, 0, 0, 0, 0, 0, 0, 3, 3, 3, 3, 3, 3, 3, 3, 3, 3, 3, 3, 3, 3, 3, 3, 3, 3, 3, 3, 3, 3, 3, 3, 3, 3, 3, 3, 3, 3, 3, 3, 3, 3, 3, 3, 3, 3, 3, 3, 3, 3, 3, 3, 3, 3, 3, 3, 0, 0, 0, 0, 0, 0, 0, 0, 0, 0, 0, 0, 0, 0, 0, 0, };
static BYTE INSTRUCTION_TABLE_03[] = { 3, 3, 3, 3, 4, 7, 3, 3, 3, 3, 3, 3, 4, 7, 3, 3, 3, 3, 3, 3, 4, 7, 3, 3, 3, 3, 3, 3, 4, 7, 3, 3, 3, 3, 3, 3, 4, 7, 3, 3, 0, 0, 0, 0, 0, 0, 0, 0, 3, 3, 3, 3, 4, 7, 3, 3, 3, 3, 3, 3, 4, 7, 3, 3, 4, 4, 4, 4, 5, 4, 4, 4, 4, 4, 4, 4, 5, 4, 4, 4, 4, 4, 4, 4, 5, 4, 4, 4, 4, 4, 4, 4, 5, 4, 4, 4, 4, 4, 4, 4, 5, 4, 4, 4, 0, 0, 0, 0, 0, 0, 0, 0, 4, 4, 4, 4, 5, 4, 4, 4, 4, 4, 4, 4, 5, 4, 4, 4, 7, 7, 7, 7, 8, 7, 7, 7, 7, 7, 7, 7, 8, 7, 7, 7, 7, 7, 7, 7, 8, 7, 7, 7, 7, 7, 7, 7, 8, 7, 7, 7, 7, 7, 7, 7, 8, 7, 7, 7, 0, 0, 0, 0, 0, 0, 0, 0, 7, 7, 7, 7, 8, 7, 7, 7, 7, 7, 7, 7, 8, 7, 7, 7, 3, 3, 3, 3, 3, 3, 0, 0, 3, 3, 3, 3, 0, 0, 0, 3, 3, 3, 0, 0, 3, 3, 3, 3, 3, 3, 3, 3, 3, 3, 3, 3, 3, 3, 3, 3, 3, 3, 3, 3, 0, 0, 0, 0, 0, 0, 3, 3, 3, 3, 3, 3, 3, 3, 3, 3, 3, 3, 3, 3, 3, 0, 0, 0, };
static BYTE INSTRUCTION_TABLE_04[] = { 3, 3, 3, 3, 4, 7, 3, 3, 3, 3, 3, 3, 4, 7, 3, 3, 3, 3, 3, 3, 4, 7, 3, 3, 3, 3, 3, 3, 4, 7, 3, 3, 3, 3, 3, 3, 4, 7, 3, 3, 3, 3, 3, 3, 4, 7, 3, 3, 3, 3, 3, 3, 4, 7, 3, 3, 3, 3, 3, 3, 4, 7, 3, 3, 4, 4, 4, 4, 5, 4, 4, 4, 4, 4, 4, 4, 5, 4, 4, 4, 4, 4, 4, 4, 5, 4, 4, 4, 4, 4, 4, 4, 5, 4, 4, 4, 4, 4, 4, 4, 5, 4, 4, 4, 4, 4, 4, 4, 5, 4, 4, 4, 4, 4, 4, 4, 5, 4, 4, 4, 4, 4, 4, 4, 5, 4, 4, 4, 7, 7, 7, 7, 8, 7, 7, 7, 7, 7, 7, 7, 8, 7, 7, 7, 7, 7, 7, 7, 8, 7, 7, 7, 7, 7, 7, 7, 8, 7, 7, 7, 7, 7, 7, 7, 8, 7, 7, 7, 7, 7, 7, 7, 8, 7, 7, 7, 7, 7, 7, 7, 8, 7, 7, 7, 7, 7, 7, 7, 8, 7, 7, 7, 3, 3, 3, 3, 3, 3, 3, 3, 3, 3, 3, 3, 3, 3, 3, 3, 3, 3, 3, 3, 3, 3, 3, 3, 3, 3, 3, 3, 3, 3, 3, 3, 3, 3, 3, 3, 3, 3, 3, 3, 3, 3, 3, 3, 3, 3, 3, 3, 3, 3, 3, 3, 3, 3, 3, 3, 3, 3, 3, 3, 3, 3, 3, 3, };
static BYTE INSTRUCTION_TABLE_05[] = { 3, 3, 3, 3, 4, 7, 3, 3, 3, 3, 3, 3, 4, 7, 3, 3, 3, 3, 3, 3, 4, 7, 3, 3, 3, 3, 3, 3, 4, 7, 3, 3, 3, 3, 3, 3, 4, 7, 3, 3, 3, 3, 3, 3, 4, 7, 3, 3, 3, 3, 3, 3, 4, 7, 3, 3, 3, 3, 3, 3, 4, 7, 3, 3, 4, 4, 4, 4, 5, 4, 4, 4, 4, 4, 4, 4, 5, 4, 4, 4, 4, 4, 4, 4, 5, 4, 4, 4, 4, 4, 4, 4, 5, 4, 4, 4, 4, 4, 4, 4, 5, 4, 4, 4, 4, 4, 4, 4, 5, 4, 4, 4, 4, 4, 4, 4, 5, 4, 4, 4, 4, 4, 4, 4, 5, 4, 4, 4, 7, 7, 7, 7, 8, 7, 7, 7, 7, 7, 7, 7, 8, 7, 7, 7, 7, 7, 7, 7, 8, 7, 7, 7, 7, 7, 7, 7, 8, 7, 7, 7, 7, 7, 7, 7, 8, 7, 7, 7, 7, 7, 7, 7, 8, 7, 7, 7, 7, 7, 7, 7, 8, 7, 7, 7, 7, 7, 7, 7, 8, 7, 7, 7, 0, 0, 0, 0, 0, 0, 0, 0, 0, 0, 0, 0, 0, 0, 0, 0, 0, 0, 0, 0, 0, 0, 0, 0, 0, 0, 0, 0, 0, 0, 0, 0, 0, 0, 0, 0, 0, 0, 0, 0, 0, 0, 0, 0, 0, 0, 0, 0, 0, 0, 0, 0, 0, 0, 0, 0, 0, 0, 0, 0, 0, 0, 0, 0, };
static BYTE INSTRUCTION_TABLE_06[] = { 3, 3, 3, 3, 4, 0, 3, 3, 3, 3, 3, 3, 4, 0, 3, 3, 3, 3, 3, 3, 4, 0, 3, 3, 3, 3, 3, 3, 4, 0, 3, 3, 0, 0, 0, 0, 0, 0, 0, 0, 0, 0, 0, 0, 0, 0, 0, 0, 0, 0, 0, 0, 0, 0, 0, 0, 0, 0, 0, 0, 0, 0, 0, 0, 4, 4, 4, 4, 5, 4, 4, 4, 4, 4, 4, 4, 5, 4, 4, 4, 4, 4, 4, 4, 5, 4, 4, 4, 4, 4, 4, 4, 5, 4, 4, 4, 0, 0, 0, 0, 0, 0, 0, 0, 0, 0, 0, 0, 0, 0, 0, 0, 0, 0, 0, 0, 0, 0, 0, 0, 0, 0, 0, 0, 0, 0, 0, 0, 7, 7, 7, 7, 8, 7, 7, 7, 7, 7, 7, 7, 8, 7, 7, 7, 7, 7, 7, 7, 8, 7, 7, 7, 7, 7, 7, 7, 8, 7, 7, 7, 0, 0, 0, 0, 0, 0, 0, 0, 0, 0, 0, 0, 0, 0, 0, 0, 0, 0, 0, 0, 0, 0, 0, 0, 0, 0, 0, 0, 0, 0, 0, 0, 3, 3, 3, 3, 3, 3, 3, 3, 3, 3, 3, 3, 3, 3, 3, 3, 3, 3, 3, 3, 3, 3, 3, 3, 3, 3, 3, 3, 3, 3, 3, 3, 3, 3, 3, 3, 3, 3, 3, 3, 3, 3, 3, 3, 3, 3, 3, 3, 3, 3, 3, 3, 3, 3, 3, 3, 3, 3, 3, 3, 3, 3, 3, 3, };
static BYTE INSTRUCTION_TABLE_07[] = { 3, 3, 3, 3, 3, 3, 3, 3, 0, 0, 0, 0, 0, 0, 0, 0, 3, 3, 3, 3, 3, 3, 3, 3, 3, 3, 3, 3, 3, 3, 3, 3, 3, 3, 3, 3, 3, 3, 3, 3, 0, 0, 0, 0, 0, 0, 0, 0, 0, 0, 0, 0, 0, 0, 0, 0, 0, 0, 0, 0, 0, 0, 0, 0, 3, 3, 3, 3, 3, 3, 3, 3, 0, 0, 0, 0, 0, 0, 0, 0, 3, 3, 3, 3, 3, 3, 3, 3, 3, 3, 3, 3, 3, 3, 3, 3, 3, 3, 3, 3, 3, 3, 3, 3, 0, 0, 0, 0, 0, 0, 0, 0, 0, 0, 0, 0, 0, 0, 0, 0, 0, 0, 0, 0, 0, 0, 0, 0, 3, 3, 3, 3, 3, 3, 3, 3, 0, 0, 0, 0, 0, 0, 0, 0, 3, 3, 3, 3, 3, 3, 3, 3, 3, 3, 3, 3, 3, 3, 3, 3, 3, 3, 3, 3, 3, 3, 3, 3, 0, 0, 0, 0, 0, 0, 0, 0, 0, 0, 0, 0, 0, 0, 0, 0, 0, 0, 0, 0, 0, 0, 0, 0, 3, 3, 3, 3, 3, 3, 3, 3, 0, 0, 0, 0, 0, 0, 0, 0, 3, 3, 3, 3, 3, 3, 3, 3, 3, 3, 3, 3, 3, 3, 3, 3, 3, 3, 3, 3, 3, 3, 3, 3, 0, 0, 0, 0, 0, 0, 0, 0, 0, 0, 0, 0, 0, 0, 0, 0, 0, 0, 0, 0, 0, 0, 0, 0, };
static BYTE INSTRUCTION_TABLE_08[] = { 4, 4, 4, 4, 4, 4, 4, 4, 4, 4, 4, 4, 0, 0, 0, 0, 0, 0, 0, 0, 0, 0, 0, 0, 0, 0, 0, 0, 4, 4, 4, 0, 0, 0, 0, 0, 0, 0, 0, 0, 0, 0, 0, 0, 0, 0, 0, 0, 0, 0, 0, 0, 0, 0, 0, 0, 0, 0, 0, 0, 0, 0, 0, 0, 0, 0, 0, 0, 0, 0, 0, 0, 0, 0, 0, 0, 0, 0, 0, 0, 0, 0, 0, 0, 0, 0, 0, 0, 0, 0, 0, 0, 0, 0, 0, 0, 0, 0, 0, 0, 0, 0, 0, 0, 0, 0, 0, 0, 0, 0, 0, 0, 0, 0, 0, 0, 0, 0, 0, 0, 0, 0, 0, 0, 0, 0, 0, 0, 0, 0, 0, 0, 0, 0, 0, 0, 0, 0, 0, 0, 0, 0, 0, 0, 0, 0, 0, 0, 0, 0, 0, 0, 0, 0, 0, 0, 0, 0, 0, 0, 0, 0, 0, 0, 0, 0, 0, 0, 0, 0, 0, 0, 0, 0, 0, 0, 0, 0, 0, 0, 0, 0, 0, 0, 0, 0, 0, 0, 0, 0, 0, 0, 0, 0, 0, 0, 0, 0, 0, 0, 4, 4, 4, 4, 4, 4, 0, 0, 0, 0, 0, 0, 0, 0, 0, 0, 0, 0, 0, 0, 0, 0, 0, 0, 0, 0, 0, 0, 0, 0, 0, 0, 0, 0, 0, 0, 0, 0, 0, 0, 4, 4, 0, 0, 0, 0, 4, 0, 0, 4, 0, 0, 0, 0, 0, 0, };
static BYTE INSTRUCTION_TABLE_09[] = { 0, 0, 0, 0, 0, 0, 0, 0, 0, 0, 0, 0, 0, 0, 0, 5, 0, 0, 0, 0, 0, 0, 0, 0, 0, 0, 0, 0, 0, 0, 0, 0, 0, 0, 0, 0, 0, 0, 0, 0, 0, 0, 0, 0, 0, 0, 0, 0, 0, 0, 0, 0, 0, 0, 0, 0, 0, 0, 0, 0, 0, 0, 0, 0, 0, 0, 0, 0, 0, 0, 0, 0, 0, 0, 0, 0, 0, 0, 0, 0, 0, 0, 0, 0, 0, 0, 0, 0, 0, 0, 0, 0, 0, 0, 0, 0, 0, 0, 0, 0, 0, 0, 0, 0, 0, 0, 0, 0, 0, 0, 0, 0, 0, 0, 0, 0, 0, 0, 0, 0, 0, 0, 0, 0, 0, 0, 0, 0, 0, 0, 0, 0, 0, 0, 0, 0, 0, 0, 0, 0, 0, 0, 0, 0, 0, 0, 0, 0, 0, 0, 0, 0, 0, 0, 0, 0, 0, 0, 0, 0, 0, 0, 0, 0, 0, 0, 0, 0, 0, 0, 0, 0, 0, 0, 0, 0, 0, 0, 0, 0, 0, 0, 0, 0, 0, 0, 0, 0, 0, 0, 0, 0, 0, 0, 0, 0, 0, 0, 0, 0, 0, 0, 0, 0, 5, 0, 0, 0, 0, 0, 0, 0, 0, 0, 0, 0, 0, 0, 0, 0, 0, 0, 0, 0, 0, 0, 0, 0, 0, 0, 0, 0, 0, 0, 0, 0, 0, 0, 0, 0, 0, 0, 0, 0, 0, 0, 0, 0, 0, 0, 0, 0, 0, 0, 0, 0, };
static BYTE INSTRUCTION_TABLE_0A[] = { 0, 0, 0, 0, 0, 0, 0, 0, 0, 0, 0, 0, 0, 0, 0, 0, 0, 0, 0, 0, 0, 0, 0, 0, 0, 0, 0, 0, 0, 0, 0, 0, 0, 0, 0, 0, 0, 0, 0, 0, 0, 0, 0, 0, 0, 0, 0, 0, 0, 0, 0, 0, 0, 0, 0, 0, 0, 0, 0, 0, 0, 0, 0, 0, 0, 0, 0, 0, 0, 0, 0, 0, 0, 0, 0, 0, 0, 0, 0, 0, 0, 0, 0, 0, 0, 0, 0, 0, 0, 0, 0, 0, 0, 0, 0, 0, 0, 0, 0, 0, 0, 0, 0, 0, 0, 0, 0, 0, 0, 0, 0, 0, 0, 0, 0, 0, 0, 0, 0, 0, 0, 0, 0, 0, 0, 0, 0, 0, 0, 0, 0, 0, 0, 0, 0, 0, 0, 0, 0, 0, 0, 0, 0, 0, 0, 0, 0, 0, 0, 0, 0, 0, 0, 0, 0, 0, 0, 0, 0, 0, 0, 0, 0, 0, 0, 0, 0, 0, 0, 0, 0, 0, 0, 0, 0, 0, 0, 0, 0, 0, 0, 0, 0, 0, 0, 0, 0, 0, 0, 0, 0, 0, 3, 3, 3, 3, 3, 3, 3, 3, 3, 3, 3, 3, 3, 3, 3, 3, 3, 3, 3, 3, 3, 3, 3, 3, 3, 3, 3, 3, 3, 3, 3, 3, 3, 3, 3, 3, 3, 3, 3, 3, 3, 3, 3, 3, 3, 3, 3, 3, 3, 3, 3, 3, 3, 3, 3, 3, 3, 3, 3, 3, 3, 3, 3, 3, };
static BYTE INSTRUCTION_TABLE_0B[] = { 4, 4, 4, 4, 5, 8, 4, 4, 4, 4, 4, 4, 5, 8, 4, 4, 4, 4, 4, 4, 5, 8, 4, 4, 4, 4, 4, 4, 5, 8, 4, 4, 4, 4, 4, 4, 5, 8, 4, 4, 4, 4, 4, 4, 5, 8, 4, 4, 4, 4, 4, 4, 5, 8, 4, 4, 4, 4, 4, 4, 5, 8, 4, 4, 5, 5, 5, 5, 6, 5, 5, 5, 5, 5, 5, 5, 6, 5, 5, 5, 5, 5, 5, 5, 6, 5, 5, 5, 5, 5, 5, 5, 6, 5, 5, 5, 5, 5, 5, 5, 6, 5, 5, 5, 5, 5, 5, 5, 6, 5, 5, 5, 5, 5, 5, 5, 6, 5, 5, 5, 5, 5, 5, 5, 6, 5, 5, 5, 8, 8, 8, 8, 9, 8, 8, 8, 8, 8, 8, 8, 9, 8, 8, 8, 8, 8, 8, 8, 9, 8, 8, 8, 8, 8, 8, 8, 9, 8, 8, 8, 8, 8, 8, 8, 9, 8, 8, 8, 8, 8, 8, 8, 9, 8, 8, 8, 8, 8, 8, 8, 9, 8, 8, 8, 8, 8, 8, 8, 9, 8, 8, 8, 4, 4, 4, 4, 4, 4, 4, 4, 4, 4, 4, 4, 4, 4, 4, 4, 4, 4, 4, 4, 4, 4, 4, 4, 4, 4, 4, 4, 4, 4, 4, 4, 4, 4, 4, 4, 4, 4, 4, 4, 4, 4, 4, 4, 4, 4, 4, 4, 4, 4, 4, 4, 4, 4, 4, 4, 4, 4, 4, 4, 4, 4, 4, 4, };
static BYTE INSTRUCTION_TABLE_0C[] = { 0, 0, 0, 0, 0, 0, 0, 0, 0, 0, 0, 0, 0, 0, 0, 0, 0, 0, 0, 0, 0, 0, 0, 0, 0, 0, 0, 0, 0, 0, 0, 0, 0, 0, 0, 0, 0, 0, 0, 0, 0, 0, 0, 0, 0, 0, 0, 0, 0, 0, 0, 0, 0, 0, 0, 0, 0, 0, 0, 0, 0, 0, 0, 0, 0, 0, 0, 0, 0, 0, 0, 0, 0, 0, 0, 0, 0, 0, 0, 0, 0, 0, 0, 0, 0, 0, 0, 0, 0, 0, 0, 0, 0, 0, 0, 0, 0, 0, 0, 0, 0, 0, 0, 0, 0, 0, 0, 0, 0, 0, 0, 0, 0, 0, 0, 0, 0, 0, 0, 0, 0, 0, 0, 0, 0, 0, 0, 0, 0, 0, 0, 0, 0, 0, 0, 0, 0, 0, 0, 0, 0, 0, 0, 0, 0, 0, 0, 0, 0, 0, 0, 0, 0, 0, 0, 0, 0, 0, 0, 0, 0, 0, 0, 0, 0, 0, 0, 0, 0, 0, 0, 0, 0, 0, 0, 0, 0, 0, 0, 0, 0, 0, 0, 0, 0, 0, 0, 0, 0, 0, 0, 0, 0, 0, 0, 0, 0, 0, 0, 0, 0, 0, 0, 0, 0, 0, 0, 0, 4, 4, 4, 4, 4, 4, 4, 4, 0, 0, 0, 0, 0, 0, 0, 0, 4, 4, 4, 4, 4, 4, 4, 4, 0, 0, 0, 0, 0, 0, 0, 0, 4, 4, 4, 4, 4, 4, 4, 4, 0, 0, 0, 0, 0, 0, 0, 0, };
static BYTE INSTRUCTION_TABLE_0D[] = { 0, 0, 0, 0, 0, 0, 0, 0, 0, 0, 0, 0, 0, 0, 0, 0, 0, 0, 0, 0, 0, 0, 0, 0, 0, 0, 0, 0, 0, 0, 0, 0, 0, 0, 0, 0, 0, 0, 0, 0, 0, 0, 0, 0, 0, 0, 0, 0, 0, 0, 0, 0, 0, 0, 0, 0, 0, 0, 0, 0, 0, 0, 0, 0, 0, 0, 0, 0, 0, 0, 0, 0, 0, 0, 0, 0, 0, 0, 0, 0, 0, 0, 0, 0, 0, 0, 0, 0, 0, 0, 0, 0, 0, 0, 0, 0, 0, 0, 0, 0, 0, 0, 0, 0, 0, 0, 0, 0, 0, 0, 0, 0, 0, 0, 0, 0, 0, 0, 0, 0, 0, 0, 0, 0, 0, 0, 0, 0, 0, 0, 0, 0, 0, 0, 0, 0, 0, 0, 0, 0, 0, 0, 0, 0, 0, 0, 0, 0, 0, 0, 0, 0, 0, 0, 0, 0, 0, 0, 0, 0, 0, 0, 0, 0, 0, 0, 0, 0, 0, 0, 0, 0, 0, 0, 0, 0, 0, 0, 0, 0, 0, 0, 0, 0, 0, 0, 0, 0, 0, 0, 0, 0, 0, 0, 0, 0, 0, 0, 0, 0, 0, 0, 0, 0, 0, 0, 0, 0, 4, 4, 4, 4, 4, 4, 4, 4, 0, 0, 0, 0, 0, 0, 0, 0, 0, 0, 0, 0, 0, 0, 0, 0, 0, 0, 0, 0, 0, 0, 0, 0, 4, 4, 4, 4, 4, 4, 4, 4, 0, 0, 0, 0, 0, 0, 0, 0, };
static BYTE INSTRUCTION_TABLE_0E[] = { 0, 0, 0, 0, 0, 0, 0, 0, 0, 0, 0, 0, 0, 0, 0, 0, 0, 0, 0, 0, 0, 0, 0, 0, 0, 0, 0, 0, 0, 0, 0, 0, 0, 0, 0, 0, 0, 0, 0, 0, 0, 0, 0, 0, 0, 0, 0, 0, 0, 0, 0, 0, 0, 0, 0, 0, 0, 0, 0, 0, 0, 0, 0, 0, 0, 0, 0, 0, 0, 0, 0, 0, 0, 0, 0, 0, 0, 0, 0, 0, 0, 0, 0, 0, 0, 0, 0, 0, 0, 0, 0, 0, 0, 0, 0, 0, 0, 0, 0, 0, 0, 0, 0, 0, 0, 0, 0, 0, 0, 0, 0, 0, 0, 0, 0, 0, 0, 0, 0, 0, 0, 0, 0, 0, 0, 0, 0, 0, 0, 0, 0, 0, 0, 0, 0, 0, 0, 0, 0, 0, 0, 0, 0, 0, 0, 0, 0, 0, 0, 0, 0, 0, 0, 0, 0, 0, 0, 0, 0, 0, 0, 0, 0, 0, 0, 0, 0, 0, 0, 0, 0, 0, 0, 0, 0, 0, 0, 0, 0, 0, 0, 0, 0, 0, 0, 0, 0, 0, 0, 0, 0, 0, 3, 0, 0, 0, 0, 0, 0, 0, 0, 0, 0, 0, 0, 0, 0, 0, 0, 0, 0, 0, 0, 0, 0, 0, 0, 0, 0, 0, 0, 0, 0, 0, 0, 0, 0, 0, 0, 0, 0, 0, 0, 0, 0, 0, 0, 0, 0, 0, 0, 0, 0, 0, 0, 0, 0, 0, 0, 0, 0, 0, 0, 0, 0, 0, };
static BYTE INSTRUCTION_TABLE_0F[] = { 3, 3, 3, 3, 4, 7, 3, 3, 3, 3, 3, 3, 4, 7, 3, 3, 3, 3, 3, 3, 4, 7, 3, 3, 3, 3, 3, 3, 4, 7, 3, 3, 3, 3, 3, 3, 4, 7, 3, 3, 3, 3, 3, 3, 4, 7, 3, 3, 3, 3, 3, 3, 4, 7, 3, 3, 3, 3, 3, 3, 4, 7, 3, 3, 4, 4, 4, 4, 5, 4, 4, 4, 4, 4, 4, 4, 5, 4, 4, 4, 4, 4, 4, 4, 5, 4, 4, 4, 4, 4, 4, 4, 5, 4, 4, 4, 4, 4, 4, 4, 5, 4, 4, 4, 4, 4, 4, 4, 5, 4, 4, 4, 4, 4, 4, 4, 5, 4, 4, 4, 4, 4, 4, 4, 5, 4, 4, 4, 7, 7, 7, 7, 8, 7, 7, 7, 7, 7, 7, 7, 8, 7, 7, 7, 7, 7, 7, 7, 8, 7, 7, 7, 7, 7, 7, 7, 8, 7, 7, 7, 7, 7, 7, 7, 8, 7, 7, 7, 7, 7, 7, 7, 8, 7, 7, 7, 7, 7, 7, 7, 8, 7, 7, 7, 7, 7, 7, 7, 8, 7, 7, 7, 0, 0, 0, 0, 0, 0, 0, 0, 0, 0, 0, 0, 0, 0, 0, 0, 0, 0, 0, 0, 0, 0, 0, 0, 0, 0, 0, 0, 0, 0, 0, 0, 0, 0, 0, 0, 0, 0, 0, 0, 3, 3, 3, 3, 3, 3, 3, 3, 3, 3, 3, 3, 3, 3, 3, 3, 3, 3, 3, 3, 3, 3, 3, 3, };
static BYTE INSTRUCTION_TABLE_10[] = { 0, 0, 0, 0, 0, 0, 0, 0, 0, 0, 0, 0, 0, 0, 0, 0, 0, 0, 0, 0, 0, 0, 0, 0, 0, 0, 0, 0, 0, 0, 0, 0, 4, 4, 4, 4, 5, 8, 4, 4, 4, 4, 4, 4, 5, 8, 4, 4, 4, 4, 4, 4, 5, 8, 4, 4, 4, 4, 4, 4, 5, 8, 4, 4, 0, 0, 0, 0, 0, 0, 0, 0, 0, 0, 0, 0, 0, 0, 0, 0, 0, 0, 0, 0, 0, 0, 0, 0, 0, 0, 0, 0, 0, 0, 0, 0, 5, 5, 5, 5, 6, 5, 5, 5, 5, 5, 5, 5, 6, 5, 5, 5, 5, 5, 5, 5, 6, 5, 5, 5, 5, 5, 5, 5, 6, 5, 5, 5, 0, 0, 0, 0, 0, 0, 0, 0, 0, 0, 0, 0, 0, 0, 0, 0, 0, 0, 0, 0, 0, 0, 0, 0, 0, 0, 0, 0, 0, 0, 0, 0, 8, 8, 8, 8, 9, 8, 8, 8, 8, 8, 8, 8, 9, 8, 8, 8, 8, 8, 8, 8, 9, 8, 8, 8, 8, 8, 8, 8, 9, 8, 8, 8, 0, 0, 0, 0, 0, 0, 0, 0, 0, 0, 0, 0, 0, 0, 0, 0, 0, 0, 0, 0, 0, 0, 0, 0, 0, 0, 0, 0, 0, 0, 0, 0, 4, 4, 4, 4, 4, 4, 4, 4, 4, 4, 4, 4, 4, 4, 4, 4, 4, 4, 4, 4, 4, 4, 4, 4, 4, 4, 4, 4, 4, 4, 4, 4, };
static BYTE INSTRUCTION_TABLE_11[] = { 0, 0, 0, 0, 0, 0, 0, 0, 0, 0, 0, 0, 0, 0, 0, 0, 0, 0, 0, 0, 0, 0, 0, 0, 0, 0, 0, 0, 0, 0, 0, 0, 0, 0, 0, 0, 0, 0, 0, 0, 0, 0, 0, 0, 0, 0, 0, 0, 0, 0, 0, 0, 0, 0, 0, 0, 0, 0, 0, 0, 0, 0, 0, 0, 0, 0, 0, 0, 0, 0, 0, 0, 0, 0, 0, 0, 0, 0, 0, 0, 0, 0, 0, 0, 0, 0, 0, 0, 0, 0, 0, 0, 0, 0, 0, 0, 0, 0, 0, 0, 0, 0, 0, 0, 0, 0, 0, 0, 0, 0, 0, 0, 0, 0, 0, 0, 0, 0, 0, 0, 0, 0, 0, 0, 0, 0, 0, 0, 0, 0, 0, 0, 0, 0, 0, 0, 0, 0, 0, 0, 0, 0, 0, 0, 0, 0, 0, 0, 0, 0, 0, 0, 0, 0, 0, 0, 0, 0, 0, 0, 0, 0, 0, 0, 0, 0, 0, 0, 0, 0, 0, 0, 0, 0, 0, 0, 0, 0, 0, 0, 0, 0, 0, 0, 0, 0, 0, 0, 0, 0, 0, 0, 4, 4, 4, 4, 4, 4, 4, 4, 4, 4, 4, 4, 4, 4, 4, 4, 4, 4, 4, 4, 4, 4, 4, 4, 4, 4, 4, 4, 4, 4, 4, 4, 4, 4, 4, 4, 4, 4, 4, 4, 4, 4, 4, 4, 4, 4, 4, 4, 4, 4, 4, 4, 4, 4, 4, 4, 4, 4, 4, 4, 4, 4, 4, 4, };
static BYTE INSTRUCTION_TABLE_12[] = { 0, 0, 0, 0, 0, 0, 0, 0, 3, 3, 3, 3, 4, 7, 3, 3, 0, 0, 0, 0, 0, 0, 0, 0, 3, 3, 3, 3, 4, 7, 3, 3, 3, 3, 3, 3, 4, 7, 3, 3, 3, 3, 3, 3, 4, 7, 3, 3, 3, 3, 3, 3, 4, 7, 3, 3, 3, 3, 3, 3, 4, 7, 3, 3, 0, 0, 0, 0, 0, 0, 0, 0, 4, 4, 4, 4, 5, 4, 4, 4, 0, 0, 0, 0, 0, 0, 0, 0, 4, 4, 4, 4, 5, 4, 4, 4, 4, 4, 4, 4, 5, 4, 4, 4, 4, 4, 4, 4, 5, 4, 4, 4, 4, 4, 4, 4, 5, 4, 4, 4, 4, 4, 4, 4, 5, 4, 4, 4, 0, 0, 0, 0, 0, 0, 0, 0, 7, 7, 7, 7, 8, 7, 7, 7, 0, 0, 0, 0, 0, 0, 0, 0, 7, 7, 7, 7, 8, 7, 7, 7, 7, 7, 7, 7, 8, 7, 7, 7, 7, 7, 7, 7, 8, 7, 7, 7, 7, 7, 7, 7, 8, 7, 7, 7, 7, 7, 7, 7, 8, 7, 7, 7, 0, 0, 0, 0, 0, 0, 0, 0, 0, 0, 0, 0, 0, 0, 0, 0, 0, 0, 0, 0, 0, 0, 0, 0, 0, 0, 0, 0, 0, 0, 0, 0, 0, 0, 0, 0, 0, 0, 0, 0, 0, 0, 0, 0, 0, 0, 0, 0, 3, 3, 3, 3, 3, 3, 3, 3, 3, 3, 3, 3, 3, 3, 3, 3, };
static BYTE INSTRUCTION_TABLE_13[] = { 18, 19, 20, 20, 0, 2, 2, 2, 2, 2, 0, 2, 0, 20, 2, 0, 20, 20, 20, 21, 20, 20, 20, 21, 20, 20, 22, 22, 20, 20, 20, 20, 23, 3, 23, 3, 0, 0, 0, 0, 20, 20, 20, 21, 20, 20, 20, 20, 2, 2, 2, 2, 2, 2, 0, 2, 24, 0, 25, 0, 0, 0, 0, 0, 20, 20, 20, 20, 20, 20, 20, 20, 20, 20, 20, 20, 20, 20, 20, 20, 26, 20, 20, 20, 20, 20, 20, 20, 20, 20, 20, 20, 20, 20, 20, 20, 20, 20, 20, 20, 20, 20, 20, 20, 20, 20, 20, 20, 0, 0, 20, 20, 27, 28, 28, 29, 20, 20, 20, 2, 20, 20, 0, 0, 0, 0, 20, 20, 6, 6, 6, 6, 6, 6, 6, 6, 6, 6, 6, 6, 6, 6, 6, 6, 20, 20, 20, 20, 20, 20, 20, 20, 20, 20, 20, 20, 20, 20, 20, 20, 2, 2, 2, 20, 27, 20, 0, 30, 2, 2, 2, 20, 27, 20, 31, 20, 20, 20, 21, 20, 21, 21, 20, 20, 0, 20, 32, 20, 20, 20, 20, 20, 20, 20, 27, 21, 27, 33, 27, 34, 2, 2, 2, 2, 2, 2, 2, 2, 0, 20, 20, 20, 20, 20, 0, 26, 20, 20, 20, 20, 20, 20, 20, 20, 20, 20, 20, 20, 20, 20, 0, 21, 20, 20, 20, 20, 20, 20, 20, 20, 0, 20, 20, 20, 20, 20, 20, 26, 20, 20, 20, 20, 20, 20, 20, 20, };
static BYTE INSTRUCTION_TABLE_14[] = { 4, 4, 4, 4, 0, 3, 3, 3, 3, 3, 0, 3, 0, 4, 3, 0, 4, 4, 4, 4, 4, 4, 4, 4, 4, 4, 4, 4, 4, 4, 4, 4, 4, 4, 4, 4, 0, 0, 0, 0, 4, 4, 4, 4, 4, 4, 4, 4, 3, 3, 3, 3, 3, 3, 0, 3, 5, 0, 0, 0, 0, 0, 0, 0, 4, 4, 4, 4, 4, 4, 4, 4, 4, 4, 4, 4, 4, 4, 4, 4, 0, 4, 4, 4, 4, 4, 4, 4, 4, 4, 4, 4, 4, 4, 4, 4, 4, 4, 4, 4, 4, 4, 4, 4, 4, 4, 4, 4, 0, 0, 4, 4, 5, 0, 0, 0, 4, 4, 4, 3, 4, 4, 0, 0, 0, 0, 4, 4, 7, 7, 7, 7, 7, 7, 7, 7, 7, 7, 7, 7, 7, 7, 7, 7, 4, 4, 4, 4, 4, 4, 4, 4, 4, 4, 4, 4, 4, 4, 4, 4, 3, 3, 3, 4, 5, 4, 0, 0, 3, 3, 3, 4, 5, 4, 4, 4, 4, 4, 4, 4, 4, 4, 4, 4, 0, 4, 0, 4, 4, 4, 4, 4, 4, 4, 5, 4, 5, 0, 5, 0, 3, 3, 3, 3, 3, 3, 3, 3, 0, 4, 4, 4, 4, 4, 0, 0, 4, 4, 4, 4, 4, 4, 4, 4, 4, 4, 4, 4, 4, 4, 0, 4, 4, 4, 4, 4, 4, 4, 4, 4, 0, 4, 4, 4, 4, 4, 4, 0, 4, 4, 4, 4, 4, 4, 4, 4, };
static BYTE INSTRUCTION_TABLE_15[] = { 4, 4, 4, 4, 4, 7, 0, 0, 4, 4, 4, 4, 4, 7, 0, 5, 4, 4, 4, 4, 4, 7, 0, 0, 4, 4, 4, 4, 4, 7, 0, 0, 4, 4, 4, 4, 4, 7, 5, 0, 4, 4, 4, 4, 4, 7, 5, 0, 4, 4, 4, 4, 4, 7, 5, 0, 4, 4, 4, 4, 4, 7, 5, 0, 5, 5, 5, 5, 5, 5, 5, 5, 5, 5, 5, 5, 5, 5, 5, 5, 3, 3, 3, 3, 3, 3, 3, 3, 3, 3, 3, 3, 3, 3, 3, 3, 0, 0, 0, 4, 5, 5, 5, 5, 7, 8, 4, 5, 3, 3, 3, 3, 4, 4, 4, 4, 4, 4, 4, 4, 4, 4, 4, 4, 4, 4, 4, 4, 5, 8, 0, 5, 4, 4, 4, 4, 4, 4, 4, 4, 4, 4, 4, 4, 3, 3, 3, 3, 3, 3, 3, 3, 3, 3, 0, 3, 3, 3, 3, 3, 11, 11, 11, 11, 3, 3, 3, 3, 4, 7, 3, 3, 3, 3, 3, 3, 4, 4, 4, 4, 4, 4, 4, 4, 7, 7, 7, 7, 7, 7, 7, 7, 5, 5, 5, 3, 0, 0, 5, 8, 6, 3, 5, 3, 3, 4, 0, 3, 4, 4, 4, 4, 0, 0, 0, 3, 4, 4, 4, 4, 4, 4, 4, 4, 4, 4, 4, 4, 4, 4, 4, 4, 7, 7, 0, 4, 3, 3, 3, 3, 5, 3, 5, 5, 3, 3, 5, 8, 3, 3, 3, 3, 3, 3, 4, 4, };
static BYTE INSTRUCTION_TABLE_16[] = { 4, 4, 4, 4, 4, 7, 0, 0, 4, 4, 4, 4, 4, 7, 0, 5, 4, 4, 4, 4, 4, 7, 0, 0, 4, 4, 4, 4, 4, 7, 0, 0, 4, 4, 4, 4, 4, 7, 5, 0, 4, 4, 4, 4, 4, 7, 5, 0, 4, 4, 4, 4, 4, 7, 5, 0, 4, 4, 4, 4, 4, 7, 5, 0, 5, 5, 5, 5, 5, 5, 5, 5, 5, 5, 5, 5, 5, 5, 5, 5, 3, 3, 3, 3, 3, 3, 3, 3, 3, 3, 3, 3, 3, 3, 3, 3, 0, 0, 0, 4, 5, 5, 5, 5, 7, 8, 4, 5, 3, 3, 3, 3, 4, 4, 4, 4, 4, 4, 4, 4, 4, 4, 4, 4, 4, 4, 4, 4, 5, 8, 0, 5, 4, 4, 4, 4, 4, 4, 4, 4, 4, 4, 4, 4, 3, 3, 3, 3, 3, 3, 3, 3, 3, 3, 0, 3, 3, 3, 3, 3, 11, 11, 11, 11, 3, 3, 3, 3, 4, 7, 3, 3, 3, 3, 3, 3, 4, 4, 4, 4, 4, 4, 4, 4, 11, 11, 11, 11, 11, 11, 11, 11, 5, 5, 5, 3, 0, 0, 5, 8, 6, 3, 5, 3, 3, 4, 0, 3, 4, 4, 4, 4, 0, 0, 0, 3, 4, 4, 4, 4, 4, 4, 4, 4, 4, 4, 4, 4, 4, 4, 4, 4, 7, 7, 0, 4, 3, 3, 3, 3, 5, 3, 5, 5, 3, 3, 5, 8, 3, 3, 3, 3, 3, 3, 4, 4, };
static BYTE INSTRUCTION_TABLE_17[] = { 4, 4, 4, 4, 4, 5, 0, 0, 4, 4, 4, 4, 4, 5, 0, 5, 4, 4, 4, 4, 4, 5, 0, 0, 4, 4, 4, 4, 4, 5, 0, 0, 4, 4, 4, 4, 4, 5, 5, 0, 4, 4, 4, 4, 4, 5, 5, 0, 4, 4, 4, 4, 4, 5, 5, 0, 4, 4, 4, 4, 4, 5, 5, 0, 5, 5, 5, 5, 5, 5, 5, 5, 5, 5, 5, 5, 5, 5, 5, 5, 3, 3, 3, 3, 3, 3, 3, 3, 3, 3, 3, 3, 3, 3, 3, 3, 0, 0, 0, 4, 5, 5, 5, 5, 5, 6, 4, 5, 3, 3, 3, 3, 4, 4, 4, 4, 4, 4, 4, 4, 4, 4, 4, 4, 4, 4, 4, 4, 5, 6, 0, 5, 4, 4, 4, 4, 4, 4, 4, 4, 4, 4, 4, 4, 3, 3, 3, 3, 3, 3, 3, 3, 3, 3, 0, 3, 3, 3, 3, 3, 11, 11, 11, 11, 3, 3, 3, 3, 4, 5, 3, 3, 3, 3, 3, 3, 4, 4, 4, 4, 4, 4, 4, 4, 5, 5, 5, 5, 5, 5, 5, 5, 5, 5, 5, 3, 0, 0, 5, 6, 6, 3, 5, 3, 3, 4, 0, 3, 4, 4, 4, 4, 0, 0, 0, 3, 4, 4, 4, 4, 4, 4, 4, 4, 4, 4, 4, 4, 4, 4, 4, 4, 7, 7, 0, 4, 3, 3, 3, 3, 5, 3, 5, 5, 3, 3, 5, 6, 3, 3, 3, 3, 3, 3, 4, 4, };
static BYTE INSTRUCTION_TABLE_18[] = { 4, 4, 4, 4, 4, 7, 0, 0, 4, 4, 4, 4, 4, 7, 0, 5, 4, 4, 4, 4, 4, 7, 0, 0, 4, 4, 4, 4, 4, 7, 0, 0, 4, 4, 4, 4, 4, 7, 5, 0, 4, 4, 4, 4, 4, 7, 5, 0, 4, 4, 4, 4, 4, 7, 5, 0, 4, 4, 4, 4, 4, 7, 5, 0, 5, 5, 5, 5, 5, 5, 5, 5, 5, 5, 5, 5, 5, 5, 5, 5, 3, 3, 3, 3, 3, 3, 3, 3, 3, 3, 3, 3, 3, 3, 3, 3, 0, 0, 0, 4, 5, 5, 5, 5, 7, 8, 4, 5, 3, 3, 3, 3, 4, 4, 4, 4, 4, 4, 4, 4, 4, 4, 4, 4, 4, 4, 4, 4, 5, 8, 0, 5, 4, 4, 4, 4, 4, 4, 4, 4, 4, 4, 4, 4, 3, 3, 3, 3, 3, 3, 3, 3, 3, 3, 0, 3, 3, 3, 3, 3, 7, 7, 7, 7, 3, 3, 3, 3, 4, 7, 3, 3, 3, 3, 3, 3, 4, 4, 4, 4, 4, 4, 4, 4, 7, 7, 7, 7, 7, 7, 7, 7, 5, 5, 5, 3, 0, 0, 5, 8, 6, 3, 5, 3, 3, 4, 0, 3, 4, 4, 4, 4, 0, 0, 0, 3, 4, 4, 4, 4, 4, 4, 4, 4, 4, 4, 4, 4, 4, 4, 4, 4, 7, 7, 0, 4, 3, 3, 3, 3, 5, 3, 5, 5, 3, 3, 5, 8, 3, 3, 3, 3, 3, 3, 4, 4, };
static BYTE INSTRUCTION_TABLE_19[] = { 7, 7, 7, 7, 8, 11, 7, 7, 7, 7, 7, 7, 8, 11, 7, 7, 7, 7, 7, 7, 8, 11, 7, 7, 7, 7, 7, 7, 8, 11, 7, 7, 7, 7, 7, 7, 8, 11, 7, 7, 7, 7, 7, 7, 8, 11, 7, 7, 7, 7, 7, 7, 8, 11, 7, 7, 7, 7, 7, 7, 8, 11, 7, 7, 8, 8, 8, 8, 9, 8, 8, 8, 8, 8, 8, 8, 9, 8, 8, 8, 8, 8, 8, 8, 9, 8, 8, 8, 8, 8, 8, 8, 9, 8, 8, 8, 8, 8, 8, 8, 9, 8, 8, 8, 8, 8, 8, 8, 9, 8, 8, 8, 8, 8, 8, 8, 9, 8, 8, 8, 8, 8, 8, 8, 9, 8, 8, 8, 11, 11, 11, 11, 12, 11, 11, 11, 11, 11, 11, 11, 12, 11, 11, 11, 11, 11, 11, 11, 12, 11, 11, 11, 11, 11, 11, 11, 12, 11, 11, 11, 11, 11, 11, 11, 12, 11, 11, 11, 11, 11, 11, 11, 12, 11, 11, 11, 11, 11, 11, 11, 12, 11, 11, 11, 11, 11, 11, 11, 12, 11, 11, 11, 7, 7, 7, 7, 7, 7, 7, 7, 7, 7, 7, 7, 7, 7, 7, 7, 7, 7, 7, 7, 7, 7, 7, 7, 7, 7, 7, 7, 7, 7, 7, 7, 7, 7, 7, 7, 7, 7, 7, 7, 7, 7, 7, 7, 7, 7, 7, 7, 7, 7, 7, 7, 7, 7, 7, 7, 7, 7, 7, 7, 7, 7, 7, 7, };
static BYTE INSTRUCTION_TABLE_1A[] = { 3, 3, 3, 3, 4, 7, 3, 3, 0, 0, 0, 0, 0, 0, 0, 0, 3, 3, 3, 3, 4, 7, 3, 3, 3, 3, 3, 3, 4, 7, 3, 3, 3, 3, 3, 3, 4, 7, 3, 3, 3, 3, 3, 3, 4, 7, 3, 3, 0, 0, 0, 0, 0, 0, 0, 0, 0, 0, 0, 0, 0, 0, 0, 0, 4, 4, 4, 4, 5, 4, 4, 4, 0, 0, 0, 0, 0, 0, 0, 0, 4, 4, 4, 4, 5, 4, 4, 4, 4, 4, 4, 4, 5, 4, 4, 4, 4, 4, 4, 4, 5, 4, 4, 4, 4, 4, 4, 4, 5, 4, 4, 4, 0, 0, 0, 0, 0, 0, 0, 0, 0, 0, 0, 0, 0, 0, 0, 0, 7, 7, 7, 7, 8, 7, 7, 7, 0, 0, 0, 0, 0, 0, 0, 0, 7, 7, 7, 7, 8, 7, 7, 7, 7, 7, 7, 7, 8, 7, 7, 7, 7, 7, 7, 7, 8, 7, 7, 7, 7, 7, 7, 7, 8, 7, 7, 7, 0, 0, 0, 0, 0, 0, 0, 0, 0, 0, 0, 0, 0, 0, 0, 0, 3, 3, 3, 3, 3, 3, 3, 3, 0, 0, 0, 0, 0, 0, 0, 0, 3, 3, 3, 3, 3, 3, 3, 3, 3, 3, 3, 3, 3, 3, 3, 3, 3, 3, 3, 3, 3, 3, 3, 3, 3, 3, 3, 3, 3, 3, 3, 3, 0, 0, 0, 0, 0, 0, 0, 0, 0, 0, 0, 0, 0, 0, 0, 0, };
static BYTE INSTRUCTION_TABLE_1B[] = { 3, 3, 3, 3, 4, 7, 3, 3, 0, 0, 0, 0, 0, 0, 0, 0, 0, 0, 0, 0, 0, 0, 0, 0, 0, 0, 0, 0, 0, 0, 0, 0, 0, 0, 0, 0, 0, 0, 0, 0, 0, 0, 0, 0, 0, 0, 0, 0, 0, 0, 0, 0, 0, 0, 0, 0, 0, 0, 0, 0, 0, 0, 0, 0, 4, 4, 4, 4, 5, 4, 4, 4, 0, 0, 0, 0, 0, 0, 0, 0, 0, 0, 0, 0, 0, 0, 0, 0, 0, 0, 0, 0, 0, 0, 0, 0, 0, 0, 0, 0, 0, 0, 0, 0, 0, 0, 0, 0, 0, 0, 0, 0, 0, 0, 0, 0, 0, 0, 0, 0, 0, 0, 0, 0, 0, 0, 0, 0, 7, 7, 7, 7, 8, 7, 7, 7, 0, 0, 0, 0, 0, 0, 0, 0, 0, 0, 0, 0, 0, 0, 0, 0, 0, 0, 0, 0, 0, 0, 0, 0, 0, 0, 0, 0, 0, 0, 0, 0, 0, 0, 0, 0, 0, 0, 0, 0, 0, 0, 0, 0, 0, 0, 0, 0, 0, 0, 0, 0, 0, 0, 0, 0, 3, 3, 3, 3, 3, 3, 3, 3, 0, 0, 0, 0, 0, 0, 0, 0, 0, 0, 0, 0, 0, 0, 0, 0, 0, 0, 0, 0, 0, 0, 0, 0, 0, 0, 0, 0, 0, 0, 0, 0, 0, 0, 0, 0, 0, 0, 0, 0, 0, 0, 0, 0, 0, 0, 0, 0, 0, 0, 0, 0, 0, 0, 0, 0, };
static BYTE INSTRUCTION_TABLE_1C[] = { 4, 4, 4, 4, 5, 8, 4, 4, 0, 0, 0, 0, 0, 0, 0, 0, 0, 0, 0, 0, 0, 0, 0, 0, 0, 0, 0, 0, 0, 0, 0, 0, 0, 0, 0, 0, 0, 0, 0, 0, 0, 0, 0, 0, 0, 0, 0, 0, 0, 0, 0, 0, 0, 0, 0, 0, 0, 0, 0, 0, 0, 0, 0, 0, 5, 5, 5, 5, 6, 5, 5, 5, 0, 0, 0, 0, 0, 0, 0, 0, 0, 0, 0, 0, 0, 0, 0, 0, 0, 0, 0, 0, 0, 0, 0, 0, 0, 0, 0, 0, 0, 0, 0, 0, 0, 0, 0, 0, 0, 0, 0, 0, 0, 0, 0, 0, 0, 0, 0, 0, 0, 0, 0, 0, 0, 0, 0, 0, 8, 8, 8, 8, 9, 8, 8, 8, 0, 0, 0, 0, 0, 0, 0, 0, 0, 0, 0, 0, 0, 0, 0, 0, 0, 0, 0, 0, 0, 0, 0, 0, 0, 0, 0, 0, 0, 0, 0, 0, 0, 0, 0, 0, 0, 0, 0, 0, 0, 0, 0, 0, 0, 0, 0, 0, 0, 0, 0, 0, 0, 0, 0, 0, 4, 4, 4, 4, 4, 4, 4, 4, 0, 0, 0, 0, 0, 0, 0, 0, 0, 0, 0, 0, 0, 0, 0, 0, 0, 0, 0, 0, 0, 0, 0, 0, 0, 0, 0, 0, 0, 0, 0, 0, 0, 0, 0, 0, 0, 0, 0, 0, 0, 0, 0, 0, 0, 0, 0, 0, 4, 0, 0, 0, 0, 0, 0, 0, };
static BYTE INSTRUCTION_TABLE_1D[] = { 7, 7, 7, 7, 8, 11, 7, 7, 0, 0, 0, 0, 0, 0, 0, 0, 0, 0, 0, 0, 0, 0, 0, 0, 0, 0, 0, 0, 0, 0, 0, 0, 0, 0, 0, 0, 0, 0, 0, 0, 0, 0, 0, 0, 0, 0, 0, 0, 0, 0, 0, 0, 0, 0, 0, 0, 0, 0, 0, 0, 0, 0, 0, 0, 8, 8, 8, 8, 9, 8, 8, 8, 0, 0, 0, 0, 0, 0, 0, 0, 0, 0, 0, 0, 0, 0, 0, 0, 0, 0, 0, 0, 0, 0, 0, 0, 0, 0, 0, 0, 0, 0, 0, 0, 0, 0, 0, 0, 0, 0, 0, 0, 0, 0, 0, 0, 0, 0, 0, 0, 0, 0, 0, 0, 0, 0, 0, 0, 11, 11, 11, 11, 12, 11, 11, 11, 0, 0, 0, 0, 0, 0, 0, 0, 0, 0, 0, 0, 0, 0, 0, 0, 0, 0, 0, 0, 0, 0, 0, 0, 0, 0, 0, 0, 0, 0, 0, 0, 0, 0, 0, 0, 0, 0, 0, 0, 0, 0, 0, 0, 0, 0, 0, 0, 0, 0, 0, 0, 0, 0, 0, 0, 7, 7, 7, 7, 7, 7, 7, 7, 0, 0, 0, 0, 0, 0, 0, 0, 0, 0, 0, 0, 0, 0, 0, 0, 0, 0, 0, 0, 0, 0, 0, 0, 0, 0, 0, 0, 0, 0, 0, 0, 0, 0, 0, 0, 0, 0, 0, 0, 0, 0, 0, 0, 0, 0, 0, 0, 7, 0, 0, 0, 0, 0, 0, 0, };
static BYTE INSTRUCTION_TABLE_1E[] = { 3, 3, 3, 3, 4, 7, 3, 3, 0, 0, 0, 0, 0, 0, 0, 0, 3, 3, 3, 3, 4, 7, 3, 3, 3, 3, 3, 3, 4, 7, 3, 3, 3, 3, 3, 3, 4, 7, 3, 3, 3, 3, 3, 3, 4, 7, 3, 3, 3, 3, 3, 3, 4, 7, 3, 3, 3, 3, 3, 3, 4, 7, 3, 3, 4, 4, 4, 4, 5, 4, 4, 4, 0, 0, 0, 0, 0, 0, 0, 0, 4, 4, 4, 4, 5, 4, 4, 4, 4, 4, 4, 4, 5, 4, 4, 4, 4, 4, 4, 4, 5, 4, 4, 4, 4, 4, 4, 4, 5, 4, 4, 4, 4, 4, 4, 4, 5, 4, 4, 4, 4, 4, 4, 4, 5, 4, 4, 4, 7, 7, 7, 7, 8, 7, 7, 7, 0, 0, 0, 0, 0, 0, 0, 0, 7, 7, 7, 7, 8, 7, 7, 7, 7, 7, 7, 7, 8, 7, 7, 7, 7, 7, 7, 7, 8, 7, 7, 7, 7, 7, 7, 7, 8, 7, 7, 7, 7, 7, 7, 7, 8, 7, 7, 7, 7, 7, 7, 7, 8, 7, 7, 7, 3, 3, 3, 3, 3, 3, 3, 3, 3, 3, 3, 3, 3, 3, 3, 3, 3, 0, 0, 0, 0, 0, 0, 0, 3, 3, 3, 3, 3, 3, 3, 3, 3, 3, 0, 0, 3, 3, 0, 0, 3, 3, 3, 3, 3, 3, 3, 0, 3, 3, 3, 3, 3, 3, 3, 3, 3, 3, 3, 3, 3, 3, 3, 3, };
static BYTE INSTRUCTION_TABLE_1F[] = { 3, 3, 3, 3, 4, 7, 3, 3, 3, 3, 3, 3, 4, 7, 3, 3, 3, 3, 3, 3, 4, 7, 3, 3, 3, 3, 3, 3, 4, 7, 3, 3, 3, 3, 3, 3, 4, 7, 3, 3, 3, 3, 3, 3, 4, 7, 3, 3, 3, 3, 3, 3, 4, 7, 3, 3, 3, 3, 3, 3, 4, 7, 3, 3, 4, 4, 4, 4, 5, 4, 4, 4, 4, 4, 4, 4, 5, 4, 4, 4, 4, 4, 4, 4, 5, 4, 4, 4, 4, 4, 4, 4, 5, 4, 4, 4, 4, 4, 4, 4, 5, 4, 4, 4, 4, 4, 4, 4, 5, 4, 4, 4, 4, 4, 4, 4, 5, 4, 4, 4, 4, 4, 4, 4, 5, 4, 4, 4, 7, 7, 7, 7, 8, 7, 7, 7, 7, 7, 7, 7, 8, 7, 7, 7, 7, 7, 7, 7, 8, 7, 7, 7, 7, 7, 7, 7, 8, 7, 7, 7, 7, 7, 7, 7, 8, 7, 7, 7, 7, 7, 7, 7, 8, 7, 7, 7, 7, 7, 7, 7, 8, 7, 7, 7, 7, 7, 7, 7, 8, 7, 7, 7, 3, 3, 3, 3, 3, 3, 3, 3, 3, 3, 3, 3, 3, 3, 3, 3, 3, 3, 3, 3, 3, 3, 3, 3, 3, 3, 3, 3, 3, 3, 3, 3, 0, 0, 0, 0, 0, 0, 0, 0, 0, 3, 0, 0, 0, 0, 0, 0, 0, 0, 0, 0, 0, 0, 0, 0, 0, 0, 0, 0, 0, 0, 0, 0, };
static BYTE INSTRUCTION_TABLE_20[] = { 3, 3, 3, 3, 4, 7, 3, 3, 3, 3, 3, 3, 4, 7, 3, 3, 3, 3, 3, 3, 4, 7, 3, 3, 3, 3, 3, 3, 4, 7, 3, 3, 0, 0, 0, 0, 0, 0, 0, 0, 3, 3, 3, 3, 4, 7, 3, 3, 0, 0, 0, 0, 0, 0, 0, 0, 3, 3, 3, 3, 4, 7, 3, 3, 4, 4, 4, 4, 5, 4, 4, 4, 4, 4, 4, 4, 5, 4, 4, 4, 4, 4, 4, 4, 5, 4, 4, 4, 4, 4, 4, 4, 5, 4, 4, 4, 0, 0, 0, 0, 0, 0, 0, 0, 4, 4, 4, 4, 5, 4, 4, 4, 0, 0, 0, 0, 0, 0, 0, 0, 4, 4, 4, 4, 5, 4, 4, 4, 7, 7, 7, 7, 8, 7, 7, 7, 7, 7, 7, 7, 8, 7, 7, 7, 7, 7, 7, 7, 8, 7, 7, 7, 7, 7, 7, 7, 8, 7, 7, 7, 0, 0, 0, 0, 0, 0, 0, 0, 7, 7, 7, 7, 8, 7, 7, 7, 0, 0, 0, 0, 0, 0, 0, 0, 7, 7, 7, 7, 8, 7, 7, 7, 3, 3, 3, 3, 3, 3, 3, 3, 3, 3, 3, 3, 3, 3, 3, 3, 3, 3, 3, 3, 3, 3, 3, 3, 3, 3, 3, 3, 3, 3, 3, 3, 3, 3, 3, 3, 3, 0, 0, 0, 3, 3, 3, 3, 3, 3, 3, 3, 3, 3, 3, 3, 3, 3, 3, 3, 0, 0, 0, 0, 0, 0, 0, 0, };
static BYTE INSTRUCTION_TABLE_21[] = { 3, 3, 3, 3, 4, 7, 3, 3, 3, 3, 3, 3, 4, 7, 3, 3, 3, 3, 3, 3, 4, 7, 3, 3, 3, 3, 3, 3, 4, 7, 3, 3, 3, 3, 3, 3, 4, 7, 3, 3, 0, 0, 0, 0, 0, 0, 0, 0, 3, 3, 3, 3, 4, 7, 3, 3, 3, 3, 3, 3, 4, 7, 3, 3, 4, 4, 4, 4, 5, 4, 4, 4, 4, 4, 4, 4, 5, 4, 4, 4, 4, 4, 4, 4, 5, 4, 4, 4, 4, 4, 4, 4, 5, 4, 4, 4, 4, 4, 4, 4, 5, 4, 4, 4, 0, 0, 0, 0, 0, 0, 0, 0, 4, 4, 4, 4, 5, 4, 4, 4, 4, 4, 4, 4, 5, 4, 4, 4, 7, 7, 7, 7, 8, 7, 7, 7, 7, 7, 7, 7, 8, 7, 7, 7, 7, 7, 7, 7, 8, 7, 7, 7, 7, 7, 7, 7, 8, 7, 7, 7, 7, 7, 7, 7, 8, 7, 7, 7, 0, 0, 0, 0, 0, 0, 0, 0, 7, 7, 7, 7, 8, 7, 7, 7, 7, 7, 7, 7, 8, 7, 7, 7, 3, 3, 3, 3, 3, 3, 3, 3, 3, 3, 3, 3, 3, 3, 3, 3, 3, 3, 3, 3, 3, 3, 3, 3, 3, 3, 3, 3, 3, 3, 3, 3, 3, 3, 3, 3, 3, 3, 3, 3, 3, 3, 3, 3, 3, 3, 3, 3, 0, 0, 0, 0, 0, 0, 0, 0, 0, 0, 0, 0, 0, 0, 0, 0, };
static BYTE INSTRUCTION_TABLE_22[] = { 3, 3, 3, 3, 4, 7, 3, 3, 3, 3, 3, 3, 4, 7, 3, 3, 3, 3, 3, 3, 4, 7, 3, 3, 3, 3, 3, 3, 4, 7, 3, 3, 3, 3, 3, 3, 4, 7, 3, 3, 3, 3, 3, 3, 4, 7, 3, 3, 3, 3, 3, 3, 4, 7, 3, 3, 3, 3, 3, 3, 4, 7, 3, 3, 4, 4, 4, 4, 5, 4, 4, 4, 4, 4, 4, 4, 5, 4, 4, 4, 4, 4, 4, 4, 5, 4, 4, 4, 4, 4, 4, 4, 5, 4, 4, 4, 4, 4, 4, 4, 5, 4, 4, 4, 4, 4, 4, 4, 5, 4, 4, 4, 4, 4, 4, 4, 5, 4, 4, 4, 4, 4, 4, 4, 5, 4, 4, 4, 7, 7, 7, 7, 8, 7, 7, 7, 7, 7, 7, 7, 8, 7, 7, 7, 7, 7, 7, 7, 8, 7, 7, 7, 7, 7, 7, 7, 8, 7, 7, 7, 7, 7, 7, 7, 8, 7, 7, 7, 7, 7, 7, 7, 8, 7, 7, 7, 7, 7, 7, 7, 8, 7, 7, 7, 7, 7, 7, 7, 8, 7, 7, 7, 3, 3, 3, 3, 3, 3, 3, 3, 3, 3, 3, 3, 3, 3, 3, 3, 3, 3, 3, 3, 3, 3, 3, 3, 0, 3, 0, 0, 0, 0, 0, 0, 3, 3, 3, 3, 3, 3, 3, 3, 3, 3, 3, 3, 3, 3, 3, 3, 3, 3, 3, 3, 3, 3, 3, 3, 3, 3, 3, 3, 3, 3, 3, 3, };
static BYTE INSTRUCTION_TABLE_23[] = { 3, 3, 3, 3, 4, 7, 3, 3, 3, 3, 3, 3, 4, 7, 3, 3, 3, 3, 3, 3, 4, 7, 3, 3, 3, 3, 3, 3, 4, 7, 3, 3, 3, 3, 3, 3, 4, 7, 3, 3, 3, 3, 3, 3, 4, 7, 3, 3, 3, 3, 3, 3, 4, 7, 3, 3, 3, 3, 3, 3, 4, 7, 3, 3, 4, 4, 4, 4, 5, 4, 4, 4, 4, 4, 4, 4, 5, 4, 4, 4, 4, 4, 4, 4, 5, 4, 4, 4, 4, 4, 4, 4, 5, 4, 4, 4, 4, 4, 4, 4, 5, 4, 4, 4, 4, 4, 4, 4, 5, 4, 4, 4, 4, 4, 4, 4, 5, 4, 4, 4, 4, 4, 4, 4, 5, 4, 4, 4, 7, 7, 7, 7, 8, 7, 7, 7, 7, 7, 7, 7, 8, 7, 7, 7, 7, 7, 7, 7, 8, 7, 7, 7, 7, 7, 7, 7, 8, 7, 7, 7, 7, 7, 7, 7, 8, 7, 7, 7, 7, 7, 7, 7, 8, 7, 7, 7, 7, 7, 7, 7, 8, 7, 7, 7, 7, 7, 7, 7, 8, 7, 7, 7, 3, 3, 3, 3, 3, 3, 3, 3, 3, 3, 3, 3, 3, 3, 3, 3, 3, 3, 3, 3, 3, 3, 3, 3, 3, 3, 3, 3, 3, 3, 3, 3, 3, 0, 0, 0, 0, 0, 0, 0, 3, 3, 3, 3, 3, 3, 3, 3, 3, 3, 3, 3, 3, 3, 3, 3, 0, 0, 0, 0, 0, 0, 0, 0, };
static BYTE INSTRUCTION_TABLE_24[] = { 4, 4, 0, 0, 0, 0, 0, 0, 4, 4, 0, 0, 0, 0, 0, 0, 4, 4, 0, 0, 0, 0, 0, 0, 4, 4, 0, 0, 0, 0, 0, 0, 4, 4, 0, 0, 0, 0, 5, 0, 4, 4, 0, 0, 0, 0, 5, 0, 4, 4, 0, 0, 0, 0, 5, 0, 0, 0, 0, 0, 0, 0, 5, 0, 5, 5, 5, 5, 5, 5, 5, 5, 5, 5, 5, 5, 5, 5, 5, 5, 0, 0, 0, 0, 0, 0, 0, 0, 0, 0, 0, 0, 0, 0, 0, 0, 0, 0, 0, 0, 5, 5, 5, 5, 0, 0, 0, 0, 0, 0, 0, 0, 0, 0, 0, 0, 0, 0, 0, 0, 0, 0, 0, 0, 0, 0, 0, 0, 5, 8, 0, 5, 0, 0, 4, 4, 0, 0, 0, 0, 0, 0, 0, 0, 0, 0, 0, 0, 0, 0, 0, 0, 0, 0, 0, 0, 0, 0, 0, 0, 0, 0, 0, 0, 0, 0, 0, 0, 0, 0, 0, 0, 0, 0, 0, 0, 0, 0, 0, 0, 0, 0, 0, 0, 0, 0, 0, 0, 0, 0, 0, 0, 0, 0, 0, 0, 0, 0, 0, 0, 0, 0, 0, 0, 0, 0, 0, 0, 0, 0, 0, 0, 0, 0, 0, 0, 0, 0, 0, 0, 0, 0, 0, 0, 0, 0, 0, 0, 0, 0, 0, 0, 0, 0, 0, 0, 0, 0, 0, 0, 5, 0, 5, 5, 0, 0, 0, 0, 0, 0, 0, 0, 0, 0, 4, 4, };
static BYTE INSTRUCTION_TABLE_25[] = { 4, 4, 4, 4, 5, 8, 4, 4, 4, 4, 4, 4, 5, 8, 4, 4, 3, 3, 3, 3, 4, 7, 3, 3, 3, 3, 3, 3, 4, 7, 3, 3, 3, 3, 3, 3, 4, 7, 3, 3, 3, 3, 3, 3, 4, 7, 3, 3, 3, 3, 3, 3, 4, 7, 3, 3, 3, 3, 3, 3, 4, 7, 3, 3, 5, 5, 5, 5, 6, 5, 5, 5, 5, 5, 5, 5, 6, 5, 5, 5, 4, 4, 4, 4, 5, 4, 4, 4, 4, 4, 4, 4, 5, 4, 4, 4, 4, 4, 4, 4, 5, 4, 4, 4, 4, 4, 4, 4, 5, 4, 4, 4, 4, 4, 4, 4, 5, 4, 4, 4, 4, 4, 4, 4, 5, 4, 4, 4, 8, 8, 8, 8, 9, 8, 8, 8, 8, 8, 8, 8, 9, 8, 8, 8, 7, 7, 7, 7, 8, 7, 7, 7, 7, 7, 7, 7, 8, 7, 7, 7, 7, 7, 7, 7, 8, 7, 7, 7, 7, 7, 7, 7, 8, 7, 7, 7, 7, 7, 7, 7, 8, 7, 7, 7, 7, 7, 7, 7, 8, 7, 7, 7, 4, 4, 4, 4, 4, 4, 4, 4, 4, 4, 4, 4, 4, 4, 4, 4, 3, 3, 3, 3, 3, 3, 3, 3, 3, 3, 3, 3, 3, 3, 3, 3, 3, 3, 3, 3, 3, 3, 3, 3, 3, 3, 3, 3, 3, 3, 3, 3, 3, 3, 3, 3, 3, 3, 3, 3, 3, 3, 3, 3, 3, 3, 3, 3, };
static BYTE INSTRUCTION_TABLE_26[] = { 7, 7, 7, 7, 8, 11, 7, 7, 7, 7, 7, 7, 8, 11, 7, 7, 3, 3, 3, 3, 4, 7, 3, 3, 3, 3, 3, 3, 4, 7, 3, 3, 3, 3, 3, 3, 4, 7, 3, 3, 3, 3, 3, 3, 4, 7, 3, 3, 3, 3, 3, 3, 4, 7, 3, 3, 3, 3, 3, 3, 4, 7, 3, 3, 8, 8, 8, 8, 9, 8, 8, 8, 8, 8, 8, 8, 9, 8, 8, 8, 4, 4, 4, 4, 5, 4, 4, 4, 4, 4, 4, 4, 5, 4, 4, 4, 4, 4, 4, 4, 5, 4, 4, 4, 4, 4, 4, 4, 5, 4, 4, 4, 4, 4, 4, 4, 5, 4, 4, 4, 4, 4, 4, 4, 5, 4, 4, 4, 11, 11, 11, 11, 12, 11, 11, 11, 11, 11, 11, 11, 12, 11, 11, 11, 7, 7, 7, 7, 8, 7, 7, 7, 7, 7, 7, 7, 8, 7, 7, 7, 7, 7, 7, 7, 8, 7, 7, 7, 7, 7, 7, 7, 8, 7, 7, 7, 7, 7, 7, 7, 8, 7, 7, 7, 7, 7, 7, 7, 8, 7, 7, 7, 7, 7, 7, 7, 7, 7, 7, 7, 7, 7, 7, 7, 7, 7, 7, 7, 3, 3, 3, 3, 3, 3, 3, 3, 3, 3, 3, 3, 3, 3, 3, 3, 3, 3, 3, 3, 3, 3, 3, 3, 3, 3, 3, 3, 3, 3, 3, 3, 3, 3, 3, 3, 3, 3, 3, 3, 3, 3, 3, 3, 3, 3, 3, 3, };
static BYTE INSTRUCTION_TABLE_27[] = { 3, 3, 3, 3, 4, 7, 3, 3, 3, 3, 3, 3, 4, 7, 3, 3, 0, 0, 0, 0, 0, 0, 0, 0, 0, 0, 0, 0, 0, 0, 0, 0, 0, 0, 0, 0, 0, 0, 0, 0, 0, 0, 0, 0, 0, 0, 0, 0, 0, 0, 0, 0, 0, 0, 0, 0, 0, 0, 0, 0, 0, 0, 0, 0, 4, 4, 4, 4, 5, 4, 4, 4, 4, 4, 4, 4, 5, 4, 4, 4, 0, 0, 0, 0, 0, 0, 0, 0, 0, 0, 0, 0, 0, 0, 0, 0, 0, 0, 0, 0, 0, 0, 0, 0, 0, 0, 0, 0, 0, 0, 0, 0, 0, 0, 0, 0, 0, 0, 0, 0, 0, 0, 0, 0, 0, 0, 0, 0, 7, 7, 7, 7, 8, 7, 7, 7, 7, 7, 7, 7, 8, 7, 7, 7, 0, 0, 0, 0, 0, 0, 0, 0, 0, 0, 0, 0, 0, 0, 0, 0, 0, 0, 0, 0, 0, 0, 0, 0, 0, 0, 0, 0, 0, 0, 0, 0, 0, 0, 0, 0, 0, 0, 0, 0, 0, 0, 0, 0, 0, 0, 0, 0, 3, 3, 3, 3, 3, 3, 3, 3, 3, 3, 3, 3, 3, 3, 3, 3, 0, 0, 0, 0, 0, 0, 0, 0, 0, 0, 0, 0, 0, 0, 0, 0, 0, 0, 0, 0, 0, 0, 0, 0, 0, 0, 0, 0, 0, 0, 0, 0, 0, 0, 0, 0, 0, 0, 0, 0, 0, 0, 0, 0, 0, 0, 0, 0, };
static BYTE INSTRUCTION_TABLE_28[] = { 3, 3, 3, 3, 4, 7, 3, 3, 3, 3, 3, 3, 4, 7, 3, 3, 3, 3, 3, 3, 4, 7, 3, 3, 3, 3, 3, 3, 4, 7, 3, 3, 3, 3, 3, 3, 4, 7, 3, 3, 3, 3, 3, 3, 4, 7, 3, 3, 3, 3, 3, 3, 4, 7, 3, 3, 0, 0, 0, 0, 0, 0, 0, 0, 4, 4, 4, 4, 5, 4, 4, 4, 4, 4, 4, 4, 5, 4, 4, 4, 4, 4, 4, 4, 5, 4, 4, 4, 4, 4, 4, 4, 5, 4, 4, 4, 4, 4, 4, 4, 5, 4, 4, 4, 4, 4, 4, 4, 5, 4, 4, 4, 4, 4, 4, 4, 5, 4, 4, 4, 0, 0, 0, 0, 0, 0, 0, 0, 7, 7, 7, 7, 8, 7, 7, 7, 7, 7, 7, 7, 8, 7, 7, 7, 7, 7, 7, 7, 8, 7, 7, 7, 7, 7, 7, 7, 8, 7, 7, 7, 7, 7, 7, 7, 8, 7, 7, 7, 7, 7, 7, 7, 8, 7, 7, 7, 7, 7, 7, 7, 8, 7, 7, 7, 0, 0, 0, 0, 0, 0, 0, 0, 3, 3, 3, 3, 3, 3, 3, 3, 3, 3, 3, 3, 3, 3, 3, 3, 3, 3, 3, 3, 3, 3, 3, 3, 0, 0, 0, 0, 0, 0, 0, 0, 3, 3, 3, 3, 3, 3, 3, 3, 0, 0, 0, 0, 0, 0, 0, 0, 3, 3, 3, 3, 3, 3, 3, 3, 0, 0, 0, 0, 0, 0, 0, 0, };
static BYTE INSTRUCTION_TABLE_29[] = { 20, 20, 20, 20, 3, 6, 0, 0, 20, 20, 20, 20, 3, 6, 0, 36, 20, 20, 20, 20, 3, 6, 0, 0, 20, 20, 20, 20, 3, 6, 0, 0, 20, 20, 20, 20, 3, 6, 37, 0, 20, 20, 20, 20, 3, 6, 37, 0, 20, 20, 20, 20, 3, 6, 37, 0, 20, 20, 20, 20, 3, 6, 37, 0, 37, 37, 37, 37, 37, 37, 37, 37, 38, 38, 38, 38, 38, 38, 38, 38, 2, 2, 2, 2, 2, 2, 2, 2, 2, 2, 2, 2, 2, 2, 2, 2, 0, 0, 0, 20, 37, 37, 39, 40, 6, 41, 3, 27, 2, 2, 2, 2, 3, 3, 3, 3, 3, 3, 3, 3, 3, 3, 3, 3, 3, 3, 3, 3, 27, 41, 0, 27, 20, 20, 20, 20, 20, 20, 20, 20, 18, 21, 42, 43, 2, 2, 2, 2, 2, 2, 2, 2, 2, 2, 0, 2, 2, 2, 2, 2, 10, 10, 10, 10, 2, 2, 2, 2, 3, 6, 2, 2, 2, 2, 2, 2, 3, 3, 3, 3, 3, 3, 3, 3, 6, 6, 6, 6, 6, 6, 6, 6, 27, 27, 4, 2, 0, 0, 44, 45, 5, 2, 4, 2, 2, 3, 0, 2, 20, 20, 20, 20, 0, 0, 0, 2, 20, 46, 47, 48, 20, 49, 50, 51, 3, 3, 3, 3, 3, 3, 3, 3, 6, 6, 0, 3, 2, 2, 2, 2, 52, 2, 37, 37, 2, 2, 53, 54, 2, 2, 2, 2, 2, 2, 55, 56, };
static BYTE INSTRUCTION_TABLE_2A[] = { 4, 4, 4, 4, 0, 3, 3, 3, 3, 3, 0, 3, 0, 4, 3, 0, 4, 4, 4, 4, 4, 4, 4, 4, 4, 4, 0, 0, 4, 4, 4, 4, 4, 0, 4, 0, 0, 0, 0, 0, 4, 4, 4, 4, 4, 4, 4, 4, 3, 3, 3, 3, 3, 3, 0, 3, 5, 0, 0, 0, 0, 0, 0, 0, 4, 4, 4, 4, 4, 4, 4, 4, 4, 4, 4, 4, 4, 4, 4, 4, 0, 4, 4, 4, 4, 4, 4, 4, 4, 4, 4, 4, 4, 4, 4, 4, 4, 4, 4, 4, 4, 4, 4, 4, 4, 4, 4, 4, 0, 0, 4, 4, 5, 0, 0, 0, 4, 4, 4, 3, 4, 4, 0, 0, 0, 0, 4, 4, 7, 7, 7, 7, 7, 7, 7, 7, 7, 7, 7, 7, 7, 7, 7, 7, 4, 4, 4, 4, 4, 4, 4, 4, 4, 4, 4, 4, 4, 4, 4, 4, 3, 3, 3, 4, 5, 4, 0, 0, 3, 3, 3, 4, 5, 4, 4, 4, 4, 4, 4, 4, 4, 4, 4, 4, 0, 4, 0, 4, 4, 4, 4, 4, 4, 4, 5, 4, 5, 0, 5, 0, 3, 3, 3, 3, 3, 3, 3, 3, 0, 4, 4, 4, 4, 4, 0, 0, 4, 4, 4, 4, 4, 4, 4, 4, 4, 4, 4, 4, 4, 4, 0, 4, 4, 4, 4, 4, 4, 4, 4, 4, 0, 4, 4, 4, 4, 4, 4, 0, 4, 4, 4, 4, 4, 4, 4, 4, };
static BYTE INSTRUCTION_TABLE_2B[] = { 20, 20, 20, 20, 3, 6, 0, 0, 20, 20, 20, 20, 3, 6, 0, 58, 20, 20, 20, 20, 3, 6, 0, 0, 20, 20, 20, 20, 3, 6, 0, 0, 20, 20, 20, 20, 3, 6, 37, 0, 20, 20, 20, 20, 3, 6, 37, 0, 20, 20, 20, 20, 3, 6, 37, 0, 20, 20, 20, 20, 3, 6, 37, 0, 37, 37, 37, 37, 37, 37, 37, 37, 38, 38, 38, 38, 38, 38, 38, 38, 2, 2, 2, 2, 2, 2, 2, 2, 2, 2, 2, 2, 2, 2, 2, 2, 0, 0, 0, 20, 37, 37, 39, 40, 6, 41, 3, 27, 2, 2, 2, 2, 3, 3, 3, 3, 3, 3, 3, 3, 3, 3, 3, 3, 3, 3, 3, 3, 27, 41, 0, 27, 20, 20, 20, 20, 20, 20, 20, 20, 18, 21, 42, 43, 2, 2, 2, 2, 2, 2, 2, 2, 2, 2, 0, 2, 2, 2, 2, 2, 10, 10, 10, 10, 2, 2, 2, 2, 3, 6, 2, 2, 2, 2, 2, 2, 3, 3, 3, 3, 3, 3, 3, 3, 6, 6, 6, 6, 6, 6, 6, 6, 27, 27, 4, 2, 0, 0, 44, 45, 5, 2, 4, 2, 2, 3, 0, 2, 20, 20, 20, 20, 0, 0, 0, 2, 20, 46, 47, 48, 20, 49, 50, 51, 3, 3, 3, 3, 3, 3, 3, 3, 6, 6, 0, 3, 2, 2, 2, 2, 52, 2, 37, 37, 2, 2, 53, 54, 2, 2, 2, 2, 2, 2, 55, 56, };
static BYTE INSTRUCTION_TABLE_2C[] = { 20, 20, 20, 20, 3, 6, 0, 0, 20, 20, 20, 20, 3, 6, 0, 36, 20, 20, 20, 20, 3, 6, 0, 0, 20, 20, 20, 20, 3, 6, 0, 0, 20, 20, 20, 20, 3, 6, 37, 0, 20, 20, 20, 20, 3, 6, 37, 0, 20, 20, 20, 20, 3, 6, 37, 0, 20, 20, 20, 20, 3, 6, 37, 0, 37, 37, 37, 37, 37, 37, 37, 37, 38, 38, 38, 38, 38, 38, 38, 38, 2, 2, 2, 2, 2, 2, 2, 2, 2, 2, 2, 2, 2, 2, 2, 2, 0, 0, 0, 20, 37, 37, 39, 40, 6, 41, 3, 27, 2, 2, 2, 2, 3, 3, 3, 3, 3, 3, 3, 3, 3, 3, 3, 3, 3, 3, 3, 3, 27, 41, 0, 27, 20, 20, 20, 20, 20, 20, 20, 20, 18, 21, 42, 43, 2, 2, 2, 2, 2, 2, 2, 2, 2, 2, 0, 2, 2, 2, 2, 2, 10, 10, 10, 10, 2, 2, 2, 2, 3, 6, 2, 2, 2, 2, 2, 2, 3, 3, 3, 3, 3, 3, 3, 3, 10, 10, 10, 10, 10, 10, 10, 10, 27, 27, 4, 2, 0, 0, 44, 45, 5, 2, 4, 2, 2, 3, 0, 2, 20, 20, 20, 20, 0, 0, 0, 2, 20, 46, 47, 48, 20, 49, 50, 51, 3, 3, 3, 3, 3, 3, 3, 3, 6, 6, 0, 3, 2, 2, 2, 2, 52, 2, 37, 37, 2, 2, 53, 54, 2, 2, 2, 2, 2, 2, 55, 56, };
static BYTE INSTRUCTION_TABLE_2D[] = { 20, 20, 20, 20, 3, 6, 0, 0, 20, 20, 20, 20, 3, 6, 0, 58, 20, 20, 20, 20, 3, 6, 0, 0, 20, 20, 20, 20, 3, 6, 0, 0, 20, 20, 20, 20, 3, 6, 37, 0, 20, 20, 20, 20, 3, 6, 37, 0, 20, 20, 20, 20, 3, 6, 37, 0, 20, 20, 20, 20, 3, 6, 37, 0, 37, 37, 37, 37, 37, 37, 37, 37, 38, 38, 38, 38, 38, 38, 38, 38, 2, 2, 2, 2, 2, 2, 2, 2, 2, 2, 2, 2, 2, 2, 2, 2, 0, 0, 0, 20, 37, 37, 39, 40, 6, 41, 3, 27, 2, 2, 2, 2, 3, 3, 3, 3, 3, 3, 3, 3, 3, 3, 3, 3, 3, 3, 3, 3, 27, 41, 0, 27, 20, 20, 20, 20, 20, 20, 20, 20, 18, 21, 42, 43, 2, 2, 2, 2, 2, 2, 2, 2, 2, 2, 0, 2, 2, 2, 2, 2, 10, 10, 10, 10, 2, 2, 2, 2, 3, 6, 2, 2, 2, 2, 2, 2, 3, 3, 3, 3, 3, 3, 3, 3, 10, 10, 10, 10, 10, 10, 10, 10, 27, 27, 4, 2, 0, 0, 44, 45, 5, 2, 4, 2, 2, 3, 0, 2, 20, 20, 20, 20, 0, 0, 0, 2, 20, 46, 47, 48, 20, 49, 50, 51, 3, 3, 3, 3, 3, 3, 3, 3, 6, 6, 0, 3, 2, 2, 2, 2, 52, 2, 37, 37, 2, 2, 53, 54, 2, 2, 2, 2, 2, 2, 55, 56, };
static BYTE INSTRUCTION_TABLE_2E[] = { 0, 0, 0, 0, 0, 6, 0, 0, 0, 0, 0, 0, 0, 6, 0, 0, 0, 0, 0, 0, 0, 6, 0, 0, 0, 0, 0, 0, 0, 6, 0, 0, 0, 0, 0, 0, 0, 6, 0, 0, 0, 0, 0, 0, 0, 6, 0, 0, 0, 0, 0, 0, 0, 6, 0, 0, 0, 0, 0, 0, 0, 6, 0, 0, 0, 0, 0, 0, 0, 6, 0, 0, 0, 0, 0, 0, 0, 6, 0, 0, 0, 0, 0, 0, 0, 6, 0, 0, 0, 0, 0, 0, 0, 6, 0, 0, 0, 0, 0, 0, 0, 6, 0, 0, 0, 0, 0, 0, 0, 6, 0, 0, 0, 0, 0, 0, 0, 6, 0, 0, 0, 0, 0, 0, 0, 6, 0, 0, 0, 0, 0, 0, 0, 6, 0, 0, 0, 0, 0, 0, 0, 6, 0, 0, 0, 0, 0, 0, 0, 6, 0, 0, 0, 0, 0, 0, 0, 6, 0, 0, 0, 0, 0, 0, 0, 6, 0, 0, 0, 0, 0, 0, 0, 6, 0, 0, 0, 0, 0, 0, 0, 6, 0, 0, 0, 0, 0, 0, 0, 6, 0, 0, 0, 0, 0, 0, 0, 6, 0, 0, 0, 0, 0, 0, 0, 6, 0, 0, 0, 0, 0, 0, 0, 6, 0, 0, 0, 0, 0, 0, 0, 6, 0, 0, 0, 0, 0, 0, 0, 6, 0, 0, 0, 0, 0, 0, 0, 6, 0, 0, 0, 0, 0, 0, 0, 6, 0, 0, 0, 0, 0, 0, 0, 6, 0, 0, };
static BYTE INSTRUCTION_TABLE_2F[] = { 0, 0, 62, 0, 0, 0, 0, 0, 0, 0, 0, 0, 0, 0, 0, 0, 0, 0, 62, 0, 0, 0, 0, 0, 0, 0, 0, 0, 0, 0, 0, 0, 0, 0, 62, 0, 0, 0, 0, 0, 0, 0, 0, 0, 0, 0, 0, 0, 0, 0, 62, 0, 0, 0, 0, 0, 0, 0, 0, 0, 0, 0, 0, 0, 0, 0, 62, 0, 0, 0, 0, 0, 0, 0, 0, 0, 0, 0, 0, 0, 0, 0, 62, 0, 0, 0, 0, 0, 0, 0, 0, 0, 0, 0, 0, 0, 0, 0, 62, 0, 0, 0, 0, 0, 0, 0, 0, 0, 0, 0, 0, 0, 0, 0, 62, 0, 0, 0, 0, 0, 0, 0, 0, 0, 0, 0, 0, 0, 0, 0, 62, 0, 0, 0, 0, 0, 0, 0, 0, 0, 0, 0, 0, 0, 0, 0, 62, 0, 0, 0, 0, 0, 0, 0, 0, 0, 0, 0, 0, 0, 0, 0, 62, 0, 0, 0, 0, 0, 0, 0, 0, 0, 0, 0, 0, 0, 0, 0, 62, 0, 0, 0, 0, 0, 0, 0, 0, 0, 0, 0, 0, 0, 0, 0, 62, 0, 0, 0, 0, 0, 0, 0, 0, 0, 0, 0, 0, 0, 0, 0, 62, 0, 0, 0, 0, 0, 0, 0, 0, 0, 0, 0, 0, 0, 0, 0, 62, 0, 0, 0, 0, 0, 0, 0, 0, 0, 0, 0, 0, 0, 0, 0, 62, 0, 0, 0, 0, 0, 0, 0, 0, 0, 0, 0, 0, 0, };
static BYTE INSTRUCTION_TABLE_30[] = { 4, 4, 4, 4, 0, 3, 3, 3, 3, 3, 0, 3, 0, 4, 3, 0, 4, 4, 4, 4, 4, 4, 4, 4, 4, 4, 4, 4, 4, 4, 4, 4, 4, 4, 4, 4, 0, 0, 0, 0, 4, 4, 4, 4, 4, 4, 4, 4, 3, 3, 3, 3, 3, 3, 0, 0, 5, 0, 0, 0, 0, 0, 0, 0, 4, 4, 4, 4, 4, 4, 4, 4, 4, 4, 4, 4, 4, 4, 4, 4, 0, 4, 0, 0, 4, 4, 4, 4, 4, 4, 4, 4, 4, 4, 4, 4, 4, 4, 4, 4, 4, 4, 4, 4, 4, 4, 4, 4, 4, 4, 4, 4, 5, 0, 0, 0, 4, 4, 4, 0, 0, 0, 0, 0, 4, 4, 4, 4, 7, 7, 7, 7, 7, 7, 7, 7, 7, 7, 7, 7, 7, 7, 7, 7, 4, 4, 4, 4, 4, 4, 4, 4, 4, 4, 4, 4, 4, 4, 4, 4, 3, 3, 3, 4, 5, 4, 0, 0, 3, 3, 3, 4, 5, 4, 0, 4, 4, 4, 4, 4, 4, 4, 4, 4, 0, 4, 0, 4, 4, 4, 4, 4, 4, 4, 5, 0, 5, 0, 5, 0, 3, 3, 3, 3, 3, 3, 3, 3, 4, 4, 4, 4, 4, 4, 4, 0, 4, 4, 4, 4, 4, 4, 4, 4, 4, 4, 4, 4, 4, 4, 4, 4, 4, 4, 4, 4, 4, 4, 4, 4, 0, 4, 4, 4, 4, 4, 4, 0, 4, 4, 4, 4, 4, 4, 4, 4, };
static BYTE INSTRUCTION_TABLE_31[] = { 4, 4, 4, 4, 4, 5, 0, 0, 4, 4, 4, 4, 4, 5, 0, 5, 4, 4, 4, 4, 4, 5, 0, 0, 4, 4, 4, 4, 4, 5, 0, 0, 4, 4, 4, 4, 4, 5, 5, 0, 4, 4, 4, 4, 4, 5, 5, 0, 4, 4, 4, 4, 4, 5, 5, 0, 4, 4, 4, 4, 4, 5, 5, 0, 5, 5, 5, 5, 5, 5, 5, 5, 5, 5, 5, 5, 5, 5, 5, 5, 3, 3, 3, 3, 3, 3, 3, 3, 3, 3, 3, 3, 3, 3, 3, 3, 0, 0, 0, 4, 5, 5, 5, 5, 5, 6, 4, 5, 3, 3, 3, 3, 4, 4, 4, 4, 4, 4, 4, 4, 4, 4, 4, 4, 4, 4, 4, 4, 5, 6, 0, 5, 4, 4, 4, 4, 4, 4, 4, 4, 4, 4, 4, 4, 3, 3, 3, 3, 3, 3, 3, 3, 3, 3, 0, 3, 3, 3, 3, 3, 7, 7, 7, 7, 3, 3, 3, 3, 4, 5, 3, 3, 3, 3, 3, 3, 4, 4, 4, 4, 4, 4, 4, 4, 5, 5, 5, 5, 5, 5, 5, 5, 5, 5, 5, 3, 0, 0, 5, 6, 6, 3, 5, 3, 3, 4, 0, 3, 4, 4, 4, 4, 0, 0, 0, 3, 4, 4, 4, 4, 4, 4, 4, 4, 4, 4, 4, 4, 4, 4, 4, 4, 7, 7, 0, 4, 3, 3, 3, 3, 5, 3, 5, 5, 3, 3, 5, 6, 3, 3, 3, 3, 3, 3, 4, 4, };
static BYTE INSTRUCTION_TABLE_32[] = { 5, 5, 5, 5, 6, 9, 5, 5, 5, 5, 5, 5, 6, 9, 5, 5, 5, 5, 5, 5, 6, 9, 5, 5, 5, 5, 5, 5, 6, 9, 5, 5, 5, 5, 5, 5, 6, 9, 5, 5, 5, 5, 5, 5, 6, 9, 5, 5, 5, 5, 5, 5, 6, 9, 5, 5, 5, 5, 5, 5, 6, 9, 5, 5, 6, 6, 6, 6, 7, 6, 6, 6, 6, 6, 6, 6, 7, 6, 6, 6, 6, 6, 6, 6, 7, 6, 6, 6, 6, 6, 6, 6, 7, 6, 6, 6, 6, 6, 6, 6, 7, 6, 6, 6, 6, 6, 6, 6, 7, 6, 6, 6, 6, 6, 6, 6, 7, 6, 6, 6, 6, 6, 6, 6, 7, 6, 6, 6, 9, 9, 9, 9, 10, 9, 9, 9, 9, 9, 9, 9, 10, 9, 9, 9, 9, 9, 9, 9, 10, 9, 9, 9, 9, 9, 9, 9, 10, 9, 9, 9, 9, 9, 9, 9, 10, 9, 9, 9, 9, 9, 9, 9, 10, 9, 9, 9, 9, 9, 9, 9, 10, 9, 9, 9, 9, 9, 9, 9, 10, 9, 9, 9, 5, 5, 5, 5, 5, 5, 5, 5, 5, 5, 5, 5, 5, 5, 5, 5, 5, 5, 5, 5, 5, 5, 5, 5, 5, 5, 5, 5, 5, 5, 5, 5, 5, 5, 5, 5, 5, 5, 5, 5, 5, 5, 5, 5, 5, 5, 5, 5, 5, 5, 5, 5, 5, 5, 5, 5, 5, 5, 5, 5, 5, 5, 5, 5, };
static BYTE INSTRUCTION_TABLE_33[] = { 5, 5, 5, 5, 6, 9, 5, 5, 0, 0, 0, 0, 0, 0, 0, 0, 0, 0, 0, 0, 0, 0, 0, 0, 0, 0, 0, 0, 0, 0, 0, 0, 0, 0, 0, 0, 0, 0, 0, 0, 0, 0, 0, 0, 0, 0, 0, 0, 0, 0, 0, 0, 0, 0, 0, 0, 0, 0, 0, 0, 0, 0, 0, 0, 6, 6, 6, 6, 7, 6, 6, 6, 0, 0, 0, 0, 0, 0, 0, 0, 0, 0, 0, 0, 0, 0, 0, 0, 0, 0, 0, 0, 0, 0, 0, 0, 0, 0, 0, 0, 0, 0, 0, 0, 0, 0, 0, 0, 0, 0, 0, 0, 0, 0, 0, 0, 0, 0, 0, 0, 0, 0, 0, 0, 0, 0, 0, 0, 9, 9, 9, 9, 10, 9, 9, 9, 0, 0, 0, 0, 0, 0, 0, 0, 0, 0, 0, 0, 0, 0, 0, 0, 0, 0, 0, 0, 0, 0, 0, 0, 0, 0, 0, 0, 0, 0, 0, 0, 0, 0, 0, 0, 0, 0, 0, 0, 0, 0, 0, 0, 0, 0, 0, 0, 0, 0, 0, 0, 0, 0, 0, 0, 5, 5, 5, 5, 5, 5, 5, 5, 0, 0, 0, 0, 0, 0, 0, 0, 0, 0, 0, 0, 0, 0, 0, 0, 0, 0, 0, 0, 0, 0, 0, 0, 0, 0, 0, 0, 0, 0, 0, 0, 0, 0, 0, 0, 0, 0, 0, 0, 0, 0, 0, 0, 0, 0, 0, 0, 5, 0, 0, 0, 0, 0, 0, 0, };
static BYTE INSTRUCTION_TABLE_34[] = { 4, 4, 0, 0, 0, 0, 0, 0, 4, 4, 0, 0, 0, 0, 0, 0, 4, 4, 0, 0, 0, 0, 0, 0, 4, 4, 0, 0, 0, 0, 0, 0, 4, 4, 0, 0, 0, 0, 5, 0, 4, 4, 0, 0, 0, 0, 5, 0, 4, 4, 0, 0, 0, 0, 5, 0, 0, 0, 0, 0, 0, 0, 5, 0, 5, 5, 5, 5, 5, 5, 5, 5, 5, 5, 5, 5, 5, 5, 5, 5, 0, 0, 0, 0, 0, 0, 0, 0, 0, 0, 0, 0, 0, 0, 0, 0, 0, 0, 0, 0, 5, 5, 5, 5, 0, 0, 0, 0, 0, 0, 0, 0, 0, 0, 0, 0, 0, 0, 0, 0, 0, 0, 0, 0, 0, 0, 0, 0, 5, 6, 0, 5, 0, 0, 4, 4, 0, 0, 0, 0, 0, 0, 0, 0, 0, 0, 0, 0, 0, 0, 0, 0, 0, 0, 0, 0, 0, 0, 0, 0, 0, 0, 0, 0, 0, 0, 0, 0, 0, 0, 0, 0, 0, 0, 0, 0, 0, 0, 0, 0, 0, 0, 0, 0, 0, 0, 0, 0, 0, 0, 0, 0, 0, 0, 0, 0, 0, 0, 0, 0, 0, 0, 0, 0, 0, 0, 0, 0, 0, 0, 0, 0, 0, 0, 0, 0, 0, 0, 0, 0, 0, 0, 0, 0, 0, 0, 0, 0, 0, 0, 0, 0, 0, 0, 0, 0, 0, 0, 0, 0, 5, 0, 5, 5, 0, 0, 0, 0, 0, 0, 0, 0, 0, 0, 4, 4, };
static BYTE INSTRUCTION_TABLE_35[] = { 5, 5, 5, 5, 6, 9, 5, 5, 5, 5, 5, 5, 6, 9, 5, 5, 3, 3, 3, 3, 4, 7, 3, 3, 3, 3, 3, 3, 4, 7, 3, 3, 3, 3, 3, 3, 4, 7, 3, 3, 3, 3, 3, 3, 4, 7, 3, 3, 3, 3, 3, 3, 4, 7, 3, 3, 3, 3, 3, 3, 4, 7, 3, 3, 6, 6, 6, 6, 7, 6, 6, 6, 6, 6, 6, 6, 7, 6, 6, 6, 4, 4, 4, 4, 5, 4, 4, 4, 4, 4, 4, 4, 5, 4, 4, 4, 4, 4, 4, 4, 5, 4, 4, 4, 4, 4, 4, 4, 5, 4, 4, 4, 4, 4, 4, 4, 5, 4, 4, 4, 4, 4, 4, 4, 5, 4, 4, 4, 9, 9, 9, 9, 10, 9, 9, 9, 9, 9, 9, 9, 10, 9, 9, 9, 7, 7, 7, 7, 8, 7, 7, 7, 7, 7, 7, 7, 8, 7, 7, 7, 7, 7, 7, 7, 8, 7, 7, 7, 7, 7, 7, 7, 8, 7, 7, 7, 7, 7, 7, 7, 8, 7, 7, 7, 7, 7, 7, 7, 8, 7, 7, 7, 5, 5, 5, 5, 5, 5, 5, 5, 5, 5, 5, 5, 5, 5, 5, 5, 3, 3, 3, 3, 3, 3, 3, 3, 3, 3, 3, 3, 3, 3, 3, 3, 3, 3, 3, 3, 3, 3, 3, 3, 3, 3, 3, 3, 3, 3, 3, 3, 3, 3, 3, 3, 3, 3, 3, 3, 3, 3, 3, 3, 3, 3, 3, 3, };
static BYTE INSTRUCTION_TABLE_36[] = { 20, 20, 20, 20, 3, 4, 0, 0, 20, 20, 20, 20, 3, 4, 0, 64, 20, 20, 20, 20, 3, 4, 0, 0, 20, 20, 20, 20, 3, 4, 0, 0, 20, 20, 20, 20, 3, 4, 39, 0, 20, 20, 20, 20, 3, 4, 39, 0, 20, 20, 20, 20, 3, 4, 39, 0, 20, 20, 20, 20, 3, 4, 39, 0, 39, 39, 39, 39, 39, 39, 39, 39, 38, 38, 38, 38, 38, 38, 38, 38, 2, 2, 2, 2, 2, 2, 2, 2, 2, 2, 2, 2, 2, 2, 2, 2, 0, 0, 0, 20, 39, 39, 39, 65, 4, 66, 3, 27, 2, 2, 2, 2, 3, 3, 3, 3, 3, 3, 3, 3, 3, 3, 3, 3, 3, 3, 3, 3, 27, 66, 0, 27, 20, 20, 20, 20, 20, 20, 20, 20, 18, 21, 42, 43, 2, 2, 2, 2, 2, 2, 2, 2, 2, 2, 0, 2, 2, 2, 2, 2, 10, 10, 10, 10, 2, 2, 2, 2, 3, 4, 2, 2, 2, 2, 2, 2, 3, 3, 3, 3, 3, 3, 3, 3, 4, 4, 4, 4, 4, 4, 4, 4, 27, 27, 4, 2, 0, 0, 44, 67, 5, 2, 4, 2, 2, 3, 0, 2, 20, 20, 20, 20, 0, 0, 0, 2, 20, 46, 47, 48, 20, 49, 50, 51, 3, 3, 3, 3, 3, 3, 3, 3, 6, 6, 0, 3, 2, 2, 2, 2, 68, 2, 39, 39, 2, 2, 53, 69, 2, 2, 2, 2, 2, 2, 55, 56, };
static BYTE INSTRUCTION_TABLE_37[] = { 4, 4, 4, 4, 4, 7, 0, 0, 4, 4, 4, 4, 4, 7, 0, 5, 4, 4, 4, 4, 4, 7, 0, 0, 4, 4, 4, 4, 4, 7, 0, 0, 4, 4, 4, 4, 4, 7, 5, 0, 4, 4, 4, 4, 4, 7, 5, 0, 4, 4, 4, 4, 4, 7, 5, 0, 4, 4, 4, 4, 4, 7, 5, 0, 5, 5, 5, 5, 5, 5, 5, 5, 5, 5, 5, 5, 5, 5, 5, 5, 3, 3, 3, 3, 3, 3, 3, 3, 3, 3, 3, 3, 3, 3, 3, 3, 0, 0, 0, 4, 5, 5, 5, 5, 7, 8, 4, 5, 3, 3, 3, 3, 4, 4, 4, 4, 4, 4, 4, 4, 4, 4, 4, 4, 4, 4, 4, 4, 5, 8, 0, 5, 4, 4, 4, 4, 4, 4, 4, 4, 4, 4, 4, 4, 3, 3, 3, 3, 3, 3, 3, 3, 3, 3, 0, 3, 3, 3, 3, 3, 7, 7, 7, 7, 3, 3, 3, 3, 4, 7, 3, 3, 3, 3, 3, 3, 4, 4, 4, 4, 4, 4, 4, 4, 11, 11, 11, 11, 11, 11, 11, 11, 5, 5, 5, 3, 0, 0, 5, 8, 6, 3, 5, 3, 3, 4, 0, 3, 4, 4, 4, 4, 0, 0, 0, 3, 4, 4, 4, 4, 4, 4, 4, 4, 4, 4, 4, 4, 4, 4, 4, 4, 7, 7, 0, 4, 3, 3, 3, 3, 5, 3, 5, 5, 3, 3, 5, 8, 3, 3, 3, 3, 3, 3, 4, 4, };
static BYTE INSTRUCTION_TABLE_38[] = { 20, 20, 20, 20, 3, 6, 0, 0, 20, 20, 20, 20, 3, 6, 0, 36, 20, 20, 20, 20, 3, 6, 0, 0, 20, 20, 20, 20, 3, 6, 0, 0, 20, 20, 20, 20, 3, 6, 40, 0, 20, 20, 20, 20, 3, 6, 40, 0, 20, 20, 20, 20, 3, 6, 40, 0, 20, 20, 20, 20, 3, 6, 40, 0, 40, 40, 40, 40, 40, 40, 40, 40, 71, 71, 71, 71, 71, 71, 71, 71, 2, 2, 2, 2, 2, 2, 2, 2, 2, 2, 2, 2, 2, 2, 2, 2, 0, 0, 0, 20, 40, 40, 65, 40, 6, 41, 3, 27, 2, 2, 2, 2, 3, 3, 3, 3, 3, 3, 3, 3, 3, 3, 3, 3, 3, 3, 3, 3, 27, 41, 0, 27, 20, 20, 20, 20, 20, 20, 20, 20, 18, 21, 42, 43, 2, 2, 2, 2, 2, 2, 2, 2, 2, 2, 0, 2, 2, 2, 2, 2, 6, 6, 6, 6, 2, 2, 2, 2, 3, 6, 2, 2, 2, 2, 2, 2, 3, 3, 3, 3, 3, 3, 3, 3, 6, 6, 6, 6, 6, 6, 6, 6, 27, 27, 4, 2, 0, 0, 44, 45, 5, 2, 4, 2, 2, 3, 0, 2, 20, 20, 20, 20, 0, 0, 0, 2, 20, 46, 47, 48, 20, 49, 50, 51, 3, 3, 3, 3, 3, 3, 3, 3, 6, 6, 0, 3, 2, 2, 2, 2, 52, 2, 40, 40, 2, 2, 53, 54, 2, 2, 2, 2, 2, 2, 55, 56, };
static BYTE INSTRUCTION_TABLE_39[] = { 7, 7, 7, 7, 7, 11, 7, 7, 7, 7, 7, 7, 7, 11, 7, 7, 7, 7, 7, 7, 7, 11, 7, 7, 7, 7, 7, 7, 7, 11, 7, 7, 7, 7, 7, 7, 7, 11, 7, 7, 7, 7, 7, 7, 7, 11, 7, 7, 7, 7, 7, 7, 7, 11, 7, 7, 7, 7, 7, 7, 7, 11, 7, 7, 7, 7, 7, 7, 7, 11, 7, 7, 7, 7, 7, 7, 7, 11, 7, 7, 7, 7, 7, 7, 7, 11, 7, 7, 7, 7, 7, 7, 7, 11, 7, 7, 7, 7, 7, 7, 7, 11, 7, 7, 7, 7, 7, 7, 7, 11, 7, 7, 7, 7, 7, 7, 7, 11, 7, 7, 7, 7, 7, 7, 7, 11, 7, 7, 7, 7, 7, 7, 7, 11, 7, 7, 7, 7, 7, 7, 7, 11, 7, 7, 7, 7, 7, 7, 7, 11, 7, 7, 7, 7, 7, 7, 7, 11, 7, 7, 7, 7, 7, 7, 7, 11, 7, 7, 7, 7, 7, 7, 7, 11, 7, 7, 7, 7, 7, 7, 7, 11, 7, 7, 7, 7, 7, 7, 7, 11, 7, 7, 7, 7, 7, 7, 7, 11, 7, 7, 7, 7, 7, 7, 7, 11, 7, 7, 7, 7, 7, 7, 7, 11, 7, 7, 7, 7, 7, 7, 7, 11, 7, 7, 7, 7, 7, 7, 7, 11, 7, 7, 7, 7, 7, 7, 7, 11, 7, 7, 7, 7, 7, 7, 7, 11, 7, 7, 7, 7, 7, 7, 7, 11, 7, 7, };
static BYTE INSTRUCTION_TABLE_3A[] = { 6, 6, 6, 6, 73, 10, 6, 6, 6, 6, 6, 6, 73, 10, 6, 6, 6, 6, 6, 6, 73, 10, 6, 6, 6, 6, 6, 6, 73, 10, 6, 6, 6, 6, 6, 6, 73, 10, 6, 6, 6, 6, 6, 6, 73, 10, 6, 6, 6, 6, 6, 6, 73, 10, 6, 6, 6, 6, 6, 6, 73, 10, 6, 6, 7, 7, 7, 7, 8, 7, 7, 7, 7, 7, 7, 7, 8, 7, 7, 7, 7, 7, 7, 7, 8, 7, 7, 7, 7, 7, 7, 7, 8, 7, 7, 7, 7, 7, 7, 7, 8, 7, 7, 7, 7, 7, 7, 7, 8, 7, 7, 7, 7, 7, 7, 7, 8, 7, 7, 7, 7, 7, 7, 7, 8, 7, 7, 7, 10, 10, 10, 10, 11, 10, 10, 10, 10, 10, 10, 10, 11, 10, 10, 10, 10, 10, 10, 10, 11, 10, 10, 10, 10, 10, 10, 10, 11, 10, 10, 10, 10, 10, 10, 10, 11, 10, 10, 10, 10, 10, 10, 10, 11, 10, 10, 10, 10, 10, 10, 10, 11, 10, 10, 10, 10, 10, 10, 10, 11, 10, 10, 10, 6, 6, 6, 6, 6, 6, 6, 6, 6, 6, 6, 6, 6, 6, 6, 6, 6, 6, 6, 6, 6, 6, 6, 6, 6, 6, 6, 6, 6, 6, 6, 6, 6, 6, 6, 6, 6, 6, 6, 6, 6, 6, 6, 6, 6, 6, 6, 6, 6, 6, 6, 6, 6, 6, 6, 6, 6, 6, 6, 6, 6, 6, 6, 6, };
static BYTE INSTRUCTION_TABLE_3B[] = { 4, 4, 4, 4, 4, 8, 4, 4, 4, 4, 4, 4, 4, 8, 4, 4, 4, 4, 4, 4, 4, 8, 4, 4, 4, 4, 4, 4, 4, 8, 4, 4, 4, 4, 4, 4, 4, 8, 4, 4, 4, 4, 4, 4, 4, 8, 4, 4, 4, 4, 4, 4, 4, 8, 4, 4, 4, 4, 4, 4, 4, 8, 4, 4, 4, 4, 4, 4, 4, 8, 4, 4, 4, 4, 4, 4, 4, 8, 4, 4, 4, 4, 4, 4, 4, 8, 4, 4, 4, 4, 4, 4, 4, 8, 4, 4, 4, 4, 4, 4, 4, 8, 4, 4, 4, 4, 4, 4, 4, 8, 4, 4, 4, 4, 4, 4, 4, 8, 4, 4, 4, 4, 4, 4, 4, 8, 4, 4, 4, 4, 4, 4, 4, 8, 4, 4, 4, 4, 4, 4, 4, 8, 4, 4, 4, 4, 4, 4, 4, 8, 4, 4, 4, 4, 4, 4, 4, 8, 4, 4, 4, 4, 4, 4, 4, 8, 4, 4, 4, 4, 4, 4, 4, 8, 4, 4, 4, 4, 4, 4, 4, 8, 4, 4, 4, 4, 4, 4, 4, 8, 4, 4, 4, 4, 4, 4, 4, 8, 4, 4, 4, 4, 4, 4, 4, 8, 4, 4, 4, 4, 4, 4, 4, 8, 4, 4, 4, 4, 4, 4, 4, 8, 4, 4, 4, 4, 4, 4, 4, 8, 4, 4, 4, 4, 4, 4, 4, 8, 4, 4, 4, 4, 4, 4, 4, 8, 4, 4, 4, 4, 4, 4, 4, 8, 4, 4, };
static BYTE INSTRUCTION_TABLE_3C[] = { 3, 3, 3, 3, 75, 7, 3, 3, 3, 3, 3, 3, 75, 7, 3, 3, 3, 3, 3, 3, 75, 7, 3, 3, 3, 3, 3, 3, 75, 7, 3, 3, 3, 3, 3, 3, 75, 7, 3, 3, 3, 3, 3, 3, 75, 7, 3, 3, 3, 3, 3, 3, 75, 7, 3, 3, 3, 3, 3, 3, 75, 7, 3, 3, 4, 4, 4, 4, 5, 4, 4, 4, 4, 4, 4, 4, 5, 4, 4, 4, 4, 4, 4, 4, 5, 4, 4, 4, 4, 4, 4, 4, 5, 4, 4, 4, 4, 4, 4, 4, 5, 4, 4, 4, 4, 4, 4, 4, 5, 4, 4, 4, 4, 4, 4, 4, 5, 4, 4, 4, 4, 4, 4, 4, 5, 4, 4, 4, 7, 7, 7, 7, 8, 7, 7, 7, 7, 7, 7, 7, 8, 7, 7, 7, 7, 7, 7, 7, 8, 7, 7, 7, 7, 7, 7, 7, 8, 7, 7, 7, 7, 7, 7, 7, 8, 7, 7, 7, 7, 7, 7, 7, 8, 7, 7, 7, 7, 7, 7, 7, 8, 7, 7, 7, 7, 7, 7, 7, 8, 7, 7, 7, 3, 3, 3, 3, 3, 3, 3, 3, 3, 3, 3, 3, 3, 3, 3, 3, 3, 3, 3, 3, 3, 3, 3, 3, 3, 3, 3, 3, 3, 3, 3, 3, 3, 3, 3, 3, 3, 3, 3, 3, 3, 3, 3, 3, 3, 3, 3, 3, 3, 3, 3, 3, 3, 3, 3, 3, 3, 3, 3, 3, 3, 3, 3, 3, };
static BYTE INSTRUCTION_TABLE_3D[] = { 2, 2, 2, 2, 16, 6, 2, 2, 2, 2, 2, 2, 16, 6, 2, 2, 2, 2, 2, 2, 16, 6, 2, 2, 2, 2, 2, 2, 16, 6, 2, 2, 2, 2, 2, 2, 16, 6, 2, 2, 2, 2, 2, 2, 16, 6, 2, 2, 0, 0, 0, 0, 0, 0, 0, 0, 0, 0, 0, 0, 0, 0, 0, 0, 3, 3, 3, 3, 4, 3, 3, 3, 3, 3, 3, 3, 4, 3, 3, 3, 3, 3, 3, 3, 4, 3, 3, 3, 3, 3, 3, 3, 4, 3, 3, 3, 3, 3, 3, 3, 4, 3, 3, 3, 3, 3, 3, 3, 4, 3, 3, 3, 0, 0, 0, 0, 0, 0, 0, 0, 0, 0, 0, 0, 0, 0, 0, 0, 6, 6, 6, 6, 7, 6, 6, 6, 6, 6, 6, 6, 7, 6, 6, 6, 6, 6, 6, 6, 7, 6, 6, 6, 6, 6, 6, 6, 7, 6, 6, 6, 6, 6, 6, 6, 7, 6, 6, 6, 6, 6, 6, 6, 7, 6, 6, 6, 0, 0, 0, 0, 0, 0, 0, 0, 0, 0, 0, 0, 0, 0, 0, 0, 2, 2, 2, 2, 2, 2, 2, 2, 2, 2, 2, 2, 2, 2, 2, 2, 2, 2, 2, 2, 2, 2, 2, 2, 2, 2, 2, 2, 2, 2, 2, 2, 2, 2, 2, 2, 2, 2, 2, 2, 2, 2, 2, 2, 2, 2, 2, 2, 0, 0, 0, 0, 0, 0, 0, 0, 0, 0, 0, 0, 0, 0, 0, 0, };
static BYTE INSTRUCTION_TABLE_3E[] = { 2, 2, 2, 2, 16, 6, 2, 2, 2, 2, 2, 2, 16, 6, 2, 2, 2, 2, 2, 2, 16, 6, 2, 2, 2, 2, 2, 2, 16, 6, 2, 2, 2, 2, 2, 2, 16, 6, 2, 2, 2, 2, 2, 2, 16, 6, 2, 2, 2, 2, 2, 2, 16, 6, 2, 2, 2, 2, 2, 2, 16, 6, 2, 2, 3, 3, 3, 3, 4, 3, 3, 3, 3, 3, 3, 3, 4, 3, 3, 3, 3, 3, 3, 3, 4, 3, 3, 3, 3, 3, 3, 3, 4, 3, 3, 3, 3, 3, 3, 3, 4, 3, 3, 3, 3, 3, 3, 3, 4, 3, 3, 3, 3, 3, 3, 3, 4, 3, 3, 3, 3, 3, 3, 3, 4, 3, 3, 3, 6, 6, 6, 6, 7, 6, 6, 6, 6, 6, 6, 6, 7, 6, 6, 6, 6, 6, 6, 6, 7, 6, 6, 6, 6, 6, 6, 6, 7, 6, 6, 6, 6, 6, 6, 6, 7, 6, 6, 6, 6, 6, 6, 6, 7, 6, 6, 6, 6, 6, 6, 6, 7, 6, 6, 6, 6, 6, 6, 6, 7, 6, 6, 6, 0, 0, 0, 0, 0, 0, 0, 0, 0, 0, 0, 0, 0, 0, 0, 0, 0, 0, 0, 0, 0, 0, 0, 0, 0, 0, 0, 0, 0, 0, 0, 0, 0, 0, 0, 0, 0, 0, 0, 0, 0, 0, 0, 0, 0, 0, 0, 0, 0, 0, 0, 0, 0, 0, 0, 0, 0, 0, 0, 0, 0, 0, 0, 0, };
static BYTE INSTRUCTION_TABLE_3F[] = { 2, 2, 2, 2, 16, 6, 2, 2, 0, 0, 0, 0, 0, 0, 0, 0, 2, 2, 2, 2, 16, 6, 2, 2, 2, 2, 2, 2, 16, 6, 2, 2, 2, 2, 2, 2, 16, 6, 2, 2, 2, 2, 2, 2, 16, 6, 2, 2, 0, 0, 0, 0, 0, 0, 0, 0, 0, 0, 0, 0, 0, 0, 0, 0, 3, 3, 3, 3, 4, 3, 3, 3, 0, 0, 0, 0, 0, 0, 0, 0, 3, 3, 3, 3, 4, 3, 3, 3, 3, 3, 3, 3, 4, 3, 3, 3, 3, 3, 3, 3, 4, 3, 3, 3, 3, 3, 3, 3, 4, 3, 3, 3, 0, 0, 0, 0, 0, 0, 0, 0, 0, 0, 0, 0, 0, 0, 0, 0, 6, 6, 6, 6, 7, 6, 6, 6, 0, 0, 0, 0, 0, 0, 0, 0, 6, 6, 6, 6, 7, 6, 6, 6, 6, 6, 6, 6, 7, 6, 6, 6, 6, 6, 6, 6, 7, 6, 6, 6, 6, 6, 6, 6, 7, 6, 6, 6, 0, 0, 0, 0, 0, 0, 0, 0, 0, 0, 0, 0, 0, 0, 0, 0, 2, 2, 2, 2, 2, 2, 2, 2, 0, 0, 0, 0, 0, 0, 0, 0, 2, 2, 2, 2, 2, 2, 2, 2, 2, 2, 2, 2, 2, 2, 2, 2, 2, 2, 2, 2, 2, 2, 2, 2, 2, 2, 2, 2, 2, 2, 2, 2, 0, 0, 0, 0, 0, 0, 0, 0, 0, 0, 0, 0, 0, 0, 0, 0, };
static BYTE INSTRUCTION_TABLE_40[] = { 2, 2, 2, 2, 16, 6, 2, 2, 0, 0, 0, 0, 0, 0, 0, 0, 0, 0, 0, 0, 0, 0, 0, 0, 0, 0, 0, 0, 0, 0, 0, 0, 0, 0, 0, 0, 0, 0, 0, 0, 0, 0, 0, 0, 0, 0, 0, 0, 0, 0, 0, 0, 0, 0, 0, 0, 0, 0, 0, 0, 0, 0, 0, 0, 3, 3, 3, 3, 4, 3, 3, 3, 0, 0, 0, 0, 0, 0, 0, 0, 0, 0, 0, 0, 0, 0, 0, 0, 0, 0, 0, 0, 0, 0, 0, 0, 0, 0, 0, 0, 0, 0, 0, 0, 0, 0, 0, 0, 0, 0, 0, 0, 0, 0, 0, 0, 0, 0, 0, 0, 0, 0, 0, 0, 0, 0, 0, 0, 6, 6, 6, 6, 7, 6, 6, 6, 0, 0, 0, 0, 0, 0, 0, 0, 0, 0, 0, 0, 0, 0, 0, 0, 0, 0, 0, 0, 0, 0, 0, 0, 0, 0, 0, 0, 0, 0, 0, 0, 0, 0, 0, 0, 0, 0, 0, 0, 0, 0, 0, 0, 0, 0, 0, 0, 0, 0, 0, 0, 0, 0, 0, 0, 2, 2, 2, 2, 2, 2, 2, 2, 0, 0, 0, 0, 0, 0, 0, 0, 0, 0, 0, 0, 0, 0, 0, 0, 0, 0, 0, 0, 0, 0, 0, 0, 0, 0, 0, 0, 0, 0, 0, 0, 0, 0, 0, 0, 0, 0, 0, 0, 0, 0, 0, 0, 0, 0, 0, 0, 0, 0, 0, 0, 0, 0, 0, 0, };
static BYTE INSTRUCTION_TABLE_41[] = { 0, 5, 0, 0, 0, 5, 0, 0, 0, 5, 0, 0, 0, 5, 0, 0, 0, 5, 0, 0, 0, 5, 0, 0, 0, 5, 0, 0, 0, 5, 0, 0, 0, 5, 0, 0, 0, 5, 0, 0, 0, 5, 0, 0, 0, 5, 0, 0, 0, 5, 0, 0, 0, 5, 0, 0, 0, 5, 0, 0, 0, 5, 0, 0, 0, 5, 0, 0, 0, 5, 0, 0, 0, 5, 0, 0, 0, 5, 0, 0, 0, 5, 0, 0, 0, 5, 0, 0, 0, 5, 0, 0, 0, 5, 0, 0, 0, 5, 0, 0, 0, 5, 0, 0, 0, 5, 0, 0, 0, 5, 0, 0, 0, 5, 0, 0, 0, 5, 0, 0, 0, 5, 0, 0, 0, 5, 0, 0, 0, 5, 0, 0, 0, 5, 0, 0, 0, 5, 0, 0, 0, 5, 0, 0, 0, 5, 0, 0, 0, 5, 0, 0, 0, 5, 0, 0, 0, 5, 0, 0, 0, 5, 0, 0, 0, 5, 0, 0, 0, 5, 0, 0, 0, 5, 0, 0, 0, 5, 0, 0, 0, 5, 0, 0, 0, 5, 0, 0, 0, 5, 0, 0, 0, 5, 0, 0, 0, 5, 0, 0, 0, 5, 0, 0, 0, 5, 0, 0, 0, 5, 0, 0, 0, 5, 0, 0, 0, 5, 0, 0, 0, 5, 0, 0, 0, 5, 0, 0, 0, 5, 0, 0, 0, 5, 0, 0, 0, 5, 0, 0, 0, 5, 0, 0, 0, 5, 0, 0, 0, 5, 0, 0, 0, 5, 0, 0, };
static BYTE INSTRUCTION_TABLE_42[] = { 0, 0, 0, 0, 0, 0, 0, 0, 0, 0, 0, 0, 0, 0, 0, 0, 0, 0, 0, 0, 0, 0, 0, 0, 0, 0, 0, 0, 0, 0, 0, 0, 0, 0, 0, 0, 0, 0, 0, 0, 0, 0, 0, 0, 0, 0, 0, 0, 0, 0, 0, 0, 0, 0, 0, 0, 0, 0, 0, 0, 0, 0, 0, 0, 0, 0, 0, 0, 0, 0, 0, 0, 0, 0, 0, 0, 0, 0, 0, 0, 0, 0, 0, 0, 0, 0, 0, 0, 0, 0, 0, 0, 0, 0, 0, 0, 0, 0, 0, 0, 0, 0, 0, 0, 0, 0, 0, 0, 0, 0, 0, 0, 0, 0, 0, 0, 0, 0, 0, 0, 0, 0, 0, 0, 0, 0, 0, 0, 0, 0, 0, 0, 0, 0, 0, 0, 0, 0, 0, 0, 0, 0, 0, 0, 0, 0, 0, 0, 0, 0, 0, 0, 0, 0, 0, 0, 0, 0, 0, 0, 0, 0, 0, 0, 0, 0, 0, 0, 0, 0, 0, 0, 0, 0, 0, 0, 0, 0, 0, 0, 0, 0, 0, 0, 0, 0, 0, 0, 0, 0, 0, 0, 0, 0, 0, 0, 0, 0, 0, 0, 0, 0, 0, 0, 0, 0, 0, 0, 0, 0, 0, 0, 0, 0, 0, 0, 0, 0, 0, 0, 0, 0, 0, 0, 0, 0, 0, 0, 0, 0, 0, 0, 0, 0, 0, 0, 0, 0, 0, 0, 0, 0, 0, 0, 0, 0, 0, 0, 0, 0, 0, 0, 0, 6, 0, 0, };
static BYTE INSTRUCTION_TABLE_43[] = { 0, 0, 81, 82, 0, 0, 0, 0, 0, 0, 0, 0, 0, 0, 0, 0, 0, 0, 0, 0, 0, 0, 0, 0, 0, 0, 0, 0, 0, 0, 0, 0, 0, 0, 81, 82, 0, 0, 0, 0, 0, 0, 0, 0, 0, 0, 0, 0, 0, 0, 0, 0, 0, 0, 0, 0, 0, 0, 0, 0, 0, 0, 0, 0, 0, 0, 81, 82, 0, 0, 0, 0, 0, 0, 0, 0, 0, 0, 0, 0, 0, 0, 0, 0, 0, 0, 0, 0, 0, 0, 0, 0, 0, 0, 0, 0, 0, 0, 81, 82, 0, 0, 0, 0, 0, 0, 0, 0, 0, 0, 0, 0, 0, 0, 0, 0, 0, 0, 0, 0, 0, 0, 0, 0, 0, 0, 0, 0, 0, 0, 81, 82, 0, 0, 0, 0, 0, 0, 0, 0, 0, 0, 0, 0, 0, 0, 0, 0, 0, 0, 0, 0, 0, 0, 0, 0, 0, 0, 0, 0, 0, 0, 81, 82, 0, 0, 0, 0, 0, 0, 0, 0, 0, 0, 0, 0, 0, 0, 0, 0, 0, 0, 0, 0, 0, 0, 0, 0, 0, 0, 0, 0, 0, 0, 81, 82, 0, 0, 0, 0, 0, 0, 0, 0, 0, 0, 0, 0, 0, 0, 0, 0, 0, 0, 0, 0, 0, 0, 0, 0, 0, 0, 0, 0, 0, 0, 81, 82, 0, 0, 0, 0, 0, 0, 0, 0, 0, 0, 0, 0, 0, 0, 0, 0, 0, 0, 0, 0, 0, 0, 0, 0, 0, 0, 0, 0, };
static BYTE INSTRUCTION_TABLE_44[] = { 0, 0, 0, 0, 0, 0, 0, 0, 0, 0, 0, 0, 0, 0, 0, 0, 0, 0, 4, 0, 4, 4, 4, 0, 0, 0, 0, 0, 0, 0, 0, 0, 0, 0, 0, 0, 0, 0, 0, 0, 0, 0, 0, 0, 0, 0, 0, 0, 0, 0, 0, 0, 0, 0, 0, 0, 0, 0, 0, 0, 0, 0, 0, 0, 0, 0, 0, 0, 0, 0, 0, 0, 0, 0, 0, 0, 0, 0, 0, 0, 0, 0, 0, 0, 4, 4, 4, 4, 4, 4, 0, 0, 4, 4, 4, 4, 0, 0, 0, 0, 0, 0, 0, 0, 0, 0, 0, 0, 0, 0, 0, 0, 0, 0, 0, 0, 0, 0, 0, 0, 0, 0, 0, 0, 0, 0, 0, 0, 0, 0, 0, 0, 0, 0, 0, 0, 0, 0, 0, 0, 0, 0, 0, 0, 0, 0, 0, 0, 0, 0, 0, 0, 0, 0, 0, 0, 0, 0, 0, 0, 0, 0, 0, 0, 0, 0, 0, 0, 0, 0, 0, 0, 0, 0, 0, 0, 0, 0, 0, 0, 0, 0, 0, 0, 0, 0, 0, 0, 0, 0, 0, 0, 0, 0, 5, 0, 0, 0, 5, 0, 0, 0, 0, 0, 0, 0, 0, 0, 0, 0, 0, 0, 0, 0, 0, 0, 0, 0, 0, 0, 0, 0, 0, 0, 0, 0, 0, 0, 0, 0, 0, 0, 0, 0, 0, 0, 0, 0, 0, 0, 0, 0, 0, 0, 0, 0, 0, 0, 0, 0, 0, 0, 0, 0, 0, 0, };
static BYTE INSTRUCTION_TABLE_45[] = { 0, 0, 0, 0, 0, 0, 0, 0, 0, 0, 0, 0, 0, 0, 0, 0, 0, 0, 4, 0, 4, 4, 4, 0, 0, 0, 0, 0, 0, 0, 0, 0, 0, 0, 0, 0, 0, 0, 0, 0, 0, 0, 0, 0, 0, 0, 0, 0, 0, 0, 0, 0, 0, 0, 0, 0, 0, 0, 0, 0, 0, 0, 0, 0, 0, 0, 0, 0, 0, 0, 0, 0, 0, 0, 0, 0, 0, 0, 0, 0, 0, 0, 0, 0, 4, 4, 4, 4, 4, 4, 0, 0, 4, 4, 4, 4, 4, 4, 4, 4, 4, 4, 4, 4, 4, 4, 4, 4, 4, 4, 0, 0, 0, 0, 0, 0, 4, 4, 4, 0, 0, 0, 0, 0, 4, 4, 0, 0, 0, 0, 0, 0, 0, 0, 0, 0, 0, 0, 0, 0, 0, 0, 0, 0, 0, 0, 0, 0, 0, 0, 0, 0, 0, 0, 0, 0, 0, 0, 0, 0, 0, 0, 0, 0, 0, 0, 0, 0, 0, 0, 0, 0, 0, 0, 0, 0, 0, 0, 0, 0, 0, 0, 0, 0, 0, 0, 0, 0, 0, 0, 0, 0, 0, 0, 5, 0, 5, 0, 5, 0, 0, 0, 0, 0, 0, 0, 0, 0, 4, 4, 4, 4, 4, 4, 0, 0, 4, 4, 4, 4, 4, 4, 4, 4, 4, 4, 4, 4, 4, 4, 0, 0, 4, 4, 4, 4, 4, 4, 4, 4, 0, 4, 4, 4, 4, 4, 4, 0, 4, 4, 4, 4, 4, 4, 4, 0, };
static BYTE INSTRUCTION_TABLE_46[] = { 0, 0, 0, 0, 0, 0, 0, 0, 0, 0, 0, 0, 0, 0, 0, 0, 0, 0, 0, 0, 0, 0, 0, 0, 0, 0, 0, 0, 0, 0, 0, 0, 0, 0, 0, 0, 0, 0, 0, 0, 0, 0, 4, 0, 0, 0, 0, 0, 0, 0, 0, 0, 0, 0, 0, 0, 0, 0, 0, 0, 0, 0, 0, 0, 0, 0, 0, 0, 0, 0, 0, 0, 0, 0, 0, 0, 0, 0, 0, 0, 0, 4, 4, 4, 0, 0, 0, 0, 4, 4, 4, 0, 4, 4, 4, 4, 0, 0, 0, 0, 0, 0, 0, 0, 0, 0, 0, 0, 0, 0, 0, 0, 0, 0, 0, 0, 0, 0, 0, 0, 0, 0, 0, 0, 0, 0, 0, 0, 0, 0, 0, 0, 0, 0, 0, 0, 0, 0, 0, 0, 0, 0, 0, 0, 0, 0, 0, 0, 0, 0, 0, 0, 0, 0, 0, 0, 0, 0, 0, 0, 0, 0, 0, 0, 0, 0, 0, 0, 0, 0, 0, 0, 0, 0, 0, 0, 0, 0, 0, 0, 0, 0, 0, 0, 0, 0, 0, 0, 0, 0, 0, 0, 0, 0, 5, 0, 0, 0, 0, 0, 0, 0, 0, 0, 0, 0, 0, 0, 0, 0, 0, 0, 0, 0, 0, 0, 0, 0, 0, 0, 0, 0, 0, 0, 0, 0, 0, 0, 0, 0, 0, 0, 0, 0, 0, 0, 0, 0, 0, 0, 0, 0, 0, 0, 0, 0, 0, 0, 0, 0, 0, 0, 0, 0, 0, 0, };
static BYTE INSTRUCTION_TABLE_47[] = { 0, 0, 0, 0, 0, 0, 0, 0, 0, 0, 0, 0, 0, 0, 0, 0, 0, 0, 0, 0, 0, 0, 0, 0, 0, 0, 0, 0, 0, 0, 0, 0, 0, 0, 0, 0, 0, 0, 0, 0, 0, 0, 4, 0, 0, 0, 0, 0, 0, 0, 0, 0, 0, 0, 0, 0, 0, 0, 0, 0, 0, 0, 0, 0, 0, 0, 0, 0, 0, 0, 0, 0, 0, 0, 0, 0, 0, 0, 0, 0, 0, 4, 0, 0, 0, 0, 0, 0, 4, 4, 4, 0, 4, 4, 4, 4, 0, 0, 0, 0, 0, 0, 0, 0, 0, 0, 0, 0, 0, 0, 0, 0, 0, 0, 0, 0, 0, 0, 0, 0, 0, 0, 0, 0, 4, 4, 0, 0, 0, 0, 0, 0, 0, 0, 0, 0, 0, 0, 0, 0, 0, 0, 0, 0, 0, 0, 0, 0, 0, 0, 0, 0, 0, 0, 0, 0, 0, 0, 0, 0, 0, 0, 0, 0, 0, 0, 0, 0, 0, 0, 0, 0, 0, 0, 0, 0, 0, 0, 0, 0, 0, 0, 0, 0, 0, 0, 0, 0, 0, 0, 0, 0, 0, 0, 5, 0, 0, 0, 0, 0, 0, 0, 0, 0, 0, 0, 0, 0, 4, 0, 0, 0, 0, 0, 0, 0, 0, 0, 0, 0, 0, 0, 0, 0, 0, 0, 0, 0, 0, 0, 0, 0, 0, 0, 0, 0, 0, 0, 0, 0, 0, 0, 0, 0, 0, 0, 0, 0, 0, 0, 0, 0, 0, 0, 0, 0, };
static BYTE INSTRUCTION_TABLE_48[] = { 0, 0, 0, 0, 0, 0, 0, 0, 0, 0, 0, 0, 0, 0, 0, 0, 0, 0, 0, 0, 4, 4, 0, 0, 0, 0, 0, 0, 0, 0, 0, 0, 0, 0, 0, 0, 0, 0, 0, 0, 0, 0, 0, 0, 0, 0, 0, 0, 0, 0, 0, 0, 0, 0, 0, 0, 0, 0, 0, 0, 0, 0, 0, 0, 0, 0, 0, 0, 0, 0, 0, 0, 0, 0, 0, 0, 0, 0, 0, 0, 0, 0, 0, 0, 4, 4, 4, 4, 4, 4, 0, 0, 4, 4, 4, 4, 0, 0, 0, 0, 0, 0, 0, 0, 0, 0, 0, 0, 0, 0, 0, 0, 0, 0, 0, 0, 0, 0, 0, 0, 0, 0, 0, 0, 0, 0, 0, 0, 0, 0, 0, 0, 0, 0, 0, 0, 0, 0, 0, 0, 0, 0, 0, 0, 0, 0, 0, 0, 0, 0, 0, 0, 0, 0, 0, 0, 0, 0, 0, 0, 0, 0, 0, 0, 0, 0, 0, 0, 0, 0, 0, 0, 0, 0, 0, 0, 0, 0, 0, 0, 0, 0, 0, 0, 0, 0, 0, 0, 0, 0, 0, 0, 0, 0, 5, 0, 0, 0, 5, 0, 0, 0, 0, 0, 0, 0, 0, 0, 0, 0, 0, 0, 0, 0, 0, 0, 0, 0, 0, 0, 0, 0, 0, 0, 0, 0, 0, 0, 0, 0, 0, 0, 0, 0, 0, 0, 0, 0, 0, 0, 0, 0, 0, 0, 0, 0, 0, 0, 0, 0, 0, 0, 0, 0, 0, 0, };
static BYTE INSTRUCTION_TABLE_49[] = { 0, 0, 0, 0, 0, 0, 0, 0, 0, 0, 0, 0, 0, 0, 0, 0, 0, 0, 0, 0, 4, 4, 0, 0, 0, 0, 0, 0, 0, 0, 0, 0, 0, 0, 0, 0, 0, 0, 0, 0, 0, 0, 0, 0, 0, 0, 0, 0, 0, 0, 0, 0, 0, 0, 0, 0, 0, 0, 0, 0, 0, 0, 0, 0, 0, 0, 0, 0, 0, 0, 0, 0, 0, 0, 0, 0, 0, 0, 0, 0, 0, 0, 0, 0, 4, 4, 4, 4, 4, 4, 0, 0, 4, 4, 4, 4, 4, 4, 4, 4, 4, 4, 4, 4, 4, 4, 4, 4, 4, 4, 0, 0, 0, 0, 0, 0, 4, 4, 4, 0, 0, 0, 0, 0, 4, 4, 0, 0, 0, 0, 0, 0, 0, 0, 0, 0, 0, 0, 0, 0, 0, 0, 0, 0, 0, 0, 0, 0, 0, 0, 0, 0, 0, 0, 0, 0, 0, 0, 0, 0, 0, 0, 0, 0, 0, 0, 0, 0, 0, 0, 0, 0, 0, 0, 0, 0, 0, 0, 0, 0, 0, 0, 0, 0, 0, 0, 0, 0, 0, 0, 0, 0, 0, 0, 5, 0, 0, 0, 5, 0, 0, 0, 0, 0, 0, 0, 0, 0, 4, 4, 4, 4, 4, 4, 0, 0, 4, 4, 4, 4, 4, 4, 4, 4, 4, 4, 4, 4, 4, 4, 0, 0, 4, 4, 4, 4, 4, 4, 4, 4, 0, 4, 4, 4, 4, 4, 4, 0, 4, 4, 4, 4, 4, 4, 4, 0, };
static BYTE INSTRUCTION_TABLE_4A[] = { 0, 0, 0, 0, 0, 0, 0, 0, 0, 0, 0, 0, 0, 0, 0, 0, 0, 0, 4, 0, 4, 4, 4, 0, 0, 0, 0, 0, 0, 0, 0, 0, 0, 0, 0, 0, 0, 0, 0, 0, 0, 0, 0, 0, 0, 0, 0, 0, 0, 0, 0, 0, 0, 0, 0, 0, 0, 0, 0, 0, 0, 0, 0, 0, 0, 0, 0, 0, 0, 0, 0, 0, 0, 0, 0, 0, 0, 0, 0, 0, 0, 0, 0, 0, 4, 4, 4, 4, 4, 4, 0, 0, 4, 4, 4, 4, 0, 0, 0, 0, 0, 0, 0, 0, 0, 0, 0, 0, 0, 0, 0, 0, 0, 0, 0, 0, 0, 0, 0, 0, 0, 0, 0, 0, 0, 0, 0, 0, 0, 0, 0, 0, 7, 7, 0, 0, 0, 0, 0, 0, 0, 0, 0, 0, 0, 0, 0, 0, 0, 0, 0, 0, 0, 0, 0, 0, 0, 0, 0, 0, 0, 0, 0, 0, 0, 0, 0, 0, 0, 0, 0, 0, 0, 0, 0, 0, 0, 0, 0, 0, 0, 0, 0, 0, 0, 0, 0, 0, 0, 0, 0, 0, 0, 0, 5, 0, 0, 0, 5, 0, 0, 0, 0, 0, 0, 0, 0, 0, 0, 0, 0, 0, 0, 0, 0, 0, 0, 0, 0, 0, 0, 0, 0, 0, 0, 0, 0, 0, 0, 0, 0, 0, 0, 0, 0, 0, 0, 0, 0, 0, 0, 0, 0, 0, 0, 0, 0, 0, 0, 0, 0, 0, 0, 0, 0, 0, };
static BYTE INSTRUCTION_TABLE_4B[] = { 0, 0, 0, 0, 0, 0, 0, 0, 0, 0, 0, 0, 0, 0, 0, 0, 0, 0, 0, 0, 4, 4, 0, 0, 0, 0, 0, 0, 0, 0, 0, 0, 0, 0, 0, 0, 0, 0, 0, 0, 0, 0, 0, 0, 0, 0, 0, 0, 0, 0, 0, 0, 0, 0, 0, 0, 0, 0, 0, 0, 0, 0, 0, 0, 0, 0, 0, 0, 0, 0, 0, 0, 0, 0, 0, 0, 0, 0, 0, 0, 0, 0, 0, 0, 4, 4, 4, 4, 4, 4, 0, 0, 4, 4, 4, 4, 0, 0, 0, 0, 0, 0, 0, 0, 0, 0, 0, 0, 0, 0, 0, 0, 0, 0, 0, 0, 0, 0, 0, 0, 0, 0, 0, 0, 0, 0, 0, 0, 0, 0, 0, 0, 7, 7, 0, 0, 0, 0, 0, 0, 0, 0, 0, 0, 0, 0, 0, 0, 0, 0, 0, 0, 0, 0, 0, 0, 0, 0, 0, 0, 0, 0, 0, 0, 0, 0, 0, 0, 0, 0, 0, 0, 0, 0, 0, 0, 0, 0, 0, 0, 0, 0, 0, 0, 0, 0, 0, 0, 0, 0, 0, 0, 0, 0, 5, 0, 0, 0, 5, 0, 0, 0, 0, 0, 0, 0, 0, 0, 0, 0, 0, 0, 0, 0, 0, 0, 0, 0, 0, 0, 0, 0, 0, 0, 0, 0, 0, 0, 0, 0, 0, 0, 0, 0, 0, 0, 0, 0, 0, 0, 0, 0, 0, 0, 0, 0, 0, 0, 0, 0, 0, 0, 0, 0, 0, 0, };
static BYTE INSTRUCTION_TABLE_4C[] = { 0, 0, 0, 0, 0, 0, 0, 0, 0, 0, 0, 0, 0, 0, 0, 0, 4, 4, 4, 4, 4, 4, 4, 4, 4, 0, 0, 0, 0, 0, 0, 0, 0, 0, 0, 0, 0, 0, 0, 0, 4, 4, 0, 4, 0, 0, 4, 4, 0, 0, 0, 0, 0, 0, 0, 0, 0, 0, 0, 0, 0, 0, 0, 0, 0, 0, 0, 0, 0, 0, 0, 0, 0, 0, 0, 0, 0, 0, 0, 0, 0, 4, 4, 4, 4, 4, 4, 4, 4, 4, 4, 4, 4, 4, 4, 4, 0, 0, 0, 0, 0, 0, 0, 0, 0, 0, 0, 0, 0, 0, 0, 0, 0, 0, 0, 0, 0, 0, 0, 3, 0, 0, 0, 0, 0, 0, 0, 0, 0, 0, 0, 0, 7, 7, 0, 0, 0, 0, 0, 0, 0, 0, 0, 0, 0, 0, 0, 0, 0, 0, 0, 0, 0, 0, 0, 0, 0, 0, 0, 0, 0, 0, 0, 0, 0, 0, 0, 0, 0, 0, 0, 0, 0, 0, 0, 0, 0, 0, 0, 0, 0, 0, 0, 0, 0, 0, 0, 0, 0, 0, 0, 0, 0, 0, 5, 0, 0, 0, 5, 0, 0, 0, 0, 0, 0, 0, 0, 0, 0, 0, 0, 0, 0, 0, 0, 0, 0, 0, 0, 0, 0, 0, 0, 0, 0, 0, 0, 0, 0, 0, 0, 0, 0, 0, 0, 0, 0, 0, 0, 0, 0, 0, 0, 0, 0, 0, 0, 0, 0, 0, 0, 0, 0, 0, 0, 0, };
static BYTE INSTRUCTION_TABLE_4D[] = { 0, 0, 0, 0, 0, 0, 0, 0, 0, 0, 0, 0, 0, 0, 0, 0, 4, 4, 4, 4, 4, 4, 4, 4, 0, 0, 0, 0, 0, 0, 0, 0, 0, 0, 0, 0, 0, 0, 0, 0, 4, 4, 0, 4, 0, 0, 4, 4, 0, 0, 0, 0, 0, 0, 0, 0, 0, 0, 0, 0, 0, 0, 0, 0, 0, 0, 0, 0, 0, 0, 0, 0, 0, 0, 0, 0, 0, 0, 0, 0, 0, 4, 0, 0, 4, 4, 4, 4, 4, 4, 4, 4, 4, 4, 4, 4, 4, 4, 4, 4, 4, 4, 4, 4, 4, 4, 4, 4, 4, 4, 4, 4, 5, 0, 0, 0, 4, 4, 4, 0, 0, 0, 0, 0, 4, 4, 4, 4, 0, 0, 0, 0, 0, 0, 0, 0, 0, 0, 0, 0, 0, 0, 0, 0, 0, 0, 0, 0, 0, 0, 0, 0, 0, 0, 0, 0, 0, 0, 0, 0, 0, 0, 0, 0, 0, 0, 0, 0, 0, 0, 0, 0, 0, 0, 0, 0, 0, 0, 0, 0, 0, 0, 0, 0, 0, 0, 0, 0, 0, 0, 0, 0, 0, 0, 5, 0, 5, 0, 5, 0, 0, 0, 0, 0, 0, 0, 0, 0, 4, 4, 4, 4, 4, 4, 4, 0, 4, 4, 4, 4, 4, 4, 4, 4, 4, 4, 4, 4, 4, 4, 4, 4, 4, 4, 4, 4, 4, 4, 4, 4, 0, 4, 4, 4, 4, 4, 4, 0, 4, 4, 4, 4, 4, 4, 4, 0, };
static BYTE INSTRUCTION_TABLE_4E[] = { 0, 0, 0, 0, 0, 0, 0, 0, 0, 0, 0, 0, 0, 0, 0, 0, 4, 4, 4, 0, 0, 0, 4, 0, 0, 0, 0, 0, 0, 0, 0, 0, 0, 0, 0, 0, 0, 0, 0, 0, 0, 0, 4, 0, 4, 4, 0, 0, 0, 0, 0, 0, 0, 0, 0, 0, 0, 0, 0, 0, 0, 0, 0, 0, 0, 0, 0, 0, 0, 0, 0, 0, 0, 0, 0, 0, 0, 0, 0, 0, 0, 4, 4, 4, 0, 0, 0, 0, 4, 4, 4, 4, 4, 4, 4, 4, 0, 0, 0, 0, 0, 0, 0, 0, 0, 0, 0, 0, 0, 0, 0, 4, 5, 0, 0, 0, 0, 0, 0, 0, 0, 0, 0, 0, 0, 0, 4, 4, 0, 0, 0, 0, 0, 0, 0, 0, 0, 0, 0, 0, 0, 0, 0, 0, 0, 0, 0, 0, 0, 0, 0, 0, 0, 0, 0, 0, 0, 0, 0, 0, 0, 0, 0, 0, 0, 0, 0, 0, 0, 0, 0, 0, 0, 0, 0, 0, 0, 0, 0, 0, 0, 0, 0, 0, 0, 0, 0, 0, 0, 0, 0, 0, 0, 0, 5, 0, 0, 0, 0, 0, 0, 0, 0, 0, 0, 0, 0, 0, 0, 0, 0, 0, 0, 0, 0, 0, 0, 0, 0, 0, 0, 0, 0, 0, 0, 0, 0, 0, 0, 0, 4, 0, 0, 0, 0, 0, 0, 0, 0, 0, 0, 0, 0, 0, 0, 0, 0, 0, 0, 0, 0, 0, 0, 0, 0, 0, };
static BYTE INSTRUCTION_TABLE_4F[] = { 0, 0, 0, 0, 0, 0, 0, 0, 0, 0, 0, 0, 0, 0, 0, 0, 4, 4, 4, 0, 0, 0, 0, 0, 0, 0, 0, 0, 0, 0, 0, 0, 0, 0, 0, 0, 0, 0, 0, 0, 0, 0, 4, 0, 4, 4, 0, 0, 0, 0, 0, 0, 0, 0, 0, 0, 0, 0, 0, 0, 0, 0, 0, 0, 0, 0, 0, 0, 0, 0, 0, 0, 0, 0, 0, 0, 0, 0, 0, 0, 0, 4, 0, 0, 0, 0, 0, 0, 4, 4, 4, 0, 4, 4, 4, 4, 0, 0, 0, 0, 0, 0, 0, 0, 0, 0, 0, 0, 0, 0, 0, 0, 5, 0, 0, 0, 0, 0, 0, 0, 0, 0, 0, 0, 4, 4, 0, 0, 0, 0, 0, 0, 0, 0, 0, 0, 0, 0, 0, 0, 0, 0, 0, 0, 0, 0, 0, 0, 0, 0, 0, 0, 0, 0, 0, 0, 0, 0, 0, 0, 0, 0, 0, 0, 0, 0, 0, 0, 0, 0, 0, 0, 0, 0, 0, 0, 0, 0, 0, 0, 0, 0, 0, 0, 0, 0, 0, 0, 0, 0, 0, 0, 0, 0, 5, 0, 0, 0, 0, 0, 0, 0, 0, 0, 0, 0, 0, 0, 4, 0, 0, 0, 0, 0, 0, 0, 0, 0, 0, 0, 0, 0, 0, 0, 0, 0, 0, 0, 0, 0, 4, 0, 0, 0, 0, 0, 0, 0, 0, 0, 4, 0, 0, 0, 0, 0, 0, 0, 0, 0, 0, 0, 0, 0, 0, 0, };
static BYTE INSTRUCTION_TABLE_50[] = { 0, 0, 0, 0, 0, 0, 0, 0, 0, 0, 0, 0, 0, 0, 0, 0, 4, 4, 0, 0, 4, 4, 0, 0, 0, 0, 0, 0, 0, 0, 0, 0, 0, 0, 0, 0, 0, 0, 0, 0, 4, 4, 0, 4, 0, 0, 4, 4, 0, 0, 0, 0, 0, 0, 0, 0, 0, 0, 0, 0, 0, 0, 0, 0, 0, 0, 0, 0, 0, 0, 0, 0, 0, 0, 0, 0, 0, 0, 0, 0, 0, 4, 4, 4, 4, 4, 4, 4, 4, 4, 4, 4, 4, 4, 4, 4, 0, 0, 0, 0, 0, 0, 0, 0, 0, 0, 0, 0, 0, 0, 0, 0, 0, 0, 0, 0, 0, 0, 0, 3, 0, 0, 0, 0, 0, 0, 0, 0, 0, 0, 0, 0, 7, 7, 0, 0, 0, 0, 0, 0, 0, 0, 0, 0, 0, 0, 0, 0, 0, 0, 0, 0, 0, 0, 0, 0, 0, 0, 0, 0, 0, 0, 0, 0, 0, 0, 0, 0, 0, 0, 0, 0, 0, 0, 0, 0, 0, 0, 0, 0, 0, 0, 0, 0, 0, 0, 0, 0, 0, 0, 0, 0, 0, 0, 5, 0, 0, 0, 5, 0, 0, 0, 0, 0, 0, 0, 0, 0, 0, 0, 0, 0, 0, 0, 0, 0, 0, 0, 0, 0, 0, 0, 0, 0, 0, 0, 0, 0, 0, 0, 0, 0, 0, 0, 0, 0, 0, 0, 0, 0, 0, 0, 0, 0, 0, 0, 0, 0, 0, 0, 0, 0, 0, 0, 0, 0, };
static BYTE INSTRUCTION_TABLE_51[] = { 0, 0, 0, 0, 0, 0, 0, 0, 0, 0, 0, 0, 0, 0, 0, 0, 4, 4, 0, 0, 4, 4, 0, 0, 0, 0, 0, 0, 0, 0, 0, 0, 0, 0, 0, 0, 0, 0, 0, 0, 4, 4, 0, 4, 0, 0, 4, 4, 0, 0, 0, 0, 0, 0, 0, 0, 0, 0, 0, 0, 0, 0, 0, 0, 0, 0, 0, 0, 0, 0, 0, 0, 0, 0, 0, 0, 0, 0, 0, 0, 0, 4, 0, 0, 4, 4, 4, 4, 4, 4, 4, 4, 4, 4, 4, 4, 4, 4, 4, 4, 4, 4, 4, 4, 4, 4, 4, 4, 4, 4, 0, 4, 5, 0, 0, 0, 4, 4, 4, 0, 0, 0, 0, 0, 4, 4, 0, 4, 0, 0, 0, 0, 0, 0, 0, 0, 0, 0, 0, 0, 0, 0, 0, 0, 0, 0, 0, 0, 0, 0, 0, 0, 0, 0, 0, 0, 0, 0, 0, 0, 0, 0, 0, 0, 0, 0, 0, 0, 0, 0, 0, 0, 0, 0, 0, 0, 0, 0, 0, 0, 0, 0, 0, 0, 0, 0, 0, 0, 0, 0, 0, 0, 0, 0, 5, 0, 0, 0, 5, 0, 0, 0, 0, 0, 0, 0, 0, 0, 4, 4, 4, 4, 4, 4, 0, 0, 4, 4, 4, 4, 4, 4, 4, 4, 4, 4, 4, 4, 4, 4, 4, 4, 4, 4, 4, 4, 4, 4, 4, 4, 0, 4, 4, 4, 4, 4, 4, 0, 4, 4, 4, 4, 4, 4, 4, 0, };
static BYTE INSTRUCTION_TABLE_52[] = { 0, 0, 0, 0, 0, 0, 0, 0, 0, 0, 0, 0, 0, 0, 0, 0, 4, 4, 4, 0, 0, 0, 4, 0, 0, 0, 0, 0, 0, 0, 0, 0, 0, 0, 0, 0, 0, 0, 0, 0, 0, 0, 4, 0, 4, 4, 0, 0, 0, 0, 0, 0, 0, 0, 0, 0, 0, 0, 0, 0, 0, 0, 0, 0, 0, 0, 0, 0, 0, 0, 0, 0, 0, 0, 0, 0, 0, 0, 0, 0, 0, 4, 4, 4, 0, 0, 0, 0, 4, 4, 4, 4, 4, 4, 4, 4, 0, 0, 0, 0, 0, 0, 0, 0, 0, 0, 0, 0, 0, 0, 0, 4, 5, 0, 0, 0, 0, 0, 0, 0, 0, 0, 0, 0, 0, 0, 0, 4, 0, 0, 0, 0, 0, 0, 0, 0, 0, 0, 0, 0, 0, 0, 0, 0, 0, 0, 0, 0, 0, 0, 0, 0, 0, 0, 0, 0, 0, 0, 0, 0, 0, 0, 0, 0, 0, 0, 0, 0, 0, 0, 0, 0, 0, 0, 0, 0, 0, 0, 0, 0, 0, 0, 0, 0, 0, 0, 0, 0, 0, 0, 0, 0, 0, 0, 5, 0, 0, 0, 0, 0, 0, 0, 0, 0, 0, 0, 0, 0, 0, 0, 0, 0, 0, 0, 0, 0, 0, 0, 0, 0, 0, 0, 0, 0, 0, 0, 0, 0, 0, 0, 4, 0, 0, 0, 0, 0, 0, 0, 0, 0, 0, 0, 0, 0, 0, 0, 0, 0, 0, 0, 0, 0, 0, 0, 0, 0, };
static BYTE INSTRUCTION_TABLE_53[] = { 0, 0, 0, 0, 0, 0, 0, 0, 0, 0, 0, 0, 0, 0, 0, 0, 4, 4, 4, 4, 4, 4, 4, 4, 4, 0, 0, 0, 0, 0, 0, 0, 0, 0, 0, 0, 0, 0, 0, 0, 4, 4, 0, 4, 0, 0, 4, 4, 0, 0, 0, 0, 0, 0, 0, 0, 0, 0, 0, 0, 0, 0, 0, 0, 0, 0, 0, 0, 0, 0, 0, 0, 0, 0, 0, 0, 0, 0, 0, 0, 0, 4, 4, 4, 4, 4, 4, 4, 4, 4, 4, 4, 4, 4, 4, 4, 0, 0, 0, 0, 0, 0, 0, 0, 0, 0, 0, 0, 0, 0, 0, 0, 0, 0, 0, 0, 0, 0, 0, 3, 0, 0, 0, 0, 0, 0, 0, 0, 0, 0, 0, 0, 7, 7, 0, 0, 0, 0, 0, 0, 0, 0, 0, 0, 4, 4, 0, 0, 0, 0, 0, 0, 0, 0, 0, 0, 0, 0, 0, 0, 0, 0, 0, 0, 0, 0, 0, 0, 0, 0, 0, 0, 0, 0, 0, 0, 0, 0, 0, 0, 0, 0, 0, 0, 0, 0, 0, 0, 0, 0, 0, 0, 0, 0, 5, 0, 0, 0, 5, 0, 0, 0, 0, 0, 0, 0, 0, 0, 0, 0, 0, 0, 0, 0, 0, 0, 0, 0, 0, 0, 0, 0, 0, 0, 0, 0, 0, 0, 0, 0, 0, 0, 0, 0, 0, 0, 0, 0, 0, 0, 0, 0, 0, 0, 0, 0, 0, 0, 0, 0, 0, 0, 0, 0, 0, 0, };
static BYTE INSTRUCTION_TABLE_54[] = { 0, 0, 0, 0, 0, 0, 0, 0, 0, 0, 0, 0, 0, 0, 0, 0, 4, 4, 4, 4, 4, 4, 4, 4, 0, 0, 0, 0, 0, 0, 0, 0, 0, 0, 0, 0, 0, 0, 0, 0, 4, 4, 0, 4, 0, 0, 4, 4, 0, 0, 0, 0, 0, 0, 0, 0, 0, 0, 0, 0, 0, 0, 0, 0, 0, 0, 0, 0, 0, 0, 0, 0, 0, 0, 0, 0, 0, 0, 0, 0, 0, 4, 0, 0, 4, 4, 4, 4, 4, 4, 4, 4, 4, 4, 4, 4, 4, 4, 4, 4, 4, 4, 4, 4, 4, 4, 4, 4, 4, 4, 4, 4, 5, 0, 0, 0, 4, 4, 4, 0, 0, 0, 0, 0, 4, 4, 4, 4, 0, 0, 0, 0, 0, 0, 0, 0, 0, 0, 0, 0, 0, 0, 0, 0, 4, 4, 0, 0, 0, 0, 0, 0, 0, 0, 0, 0, 0, 0, 0, 0, 0, 0, 0, 0, 0, 0, 0, 0, 0, 0, 0, 0, 0, 0, 0, 0, 0, 0, 0, 0, 0, 0, 0, 0, 0, 0, 0, 0, 0, 0, 0, 0, 0, 0, 5, 0, 5, 0, 5, 0, 0, 0, 0, 0, 0, 0, 0, 0, 4, 4, 4, 4, 4, 4, 4, 0, 4, 4, 4, 4, 4, 4, 4, 4, 4, 4, 4, 4, 4, 4, 4, 4, 4, 4, 4, 4, 4, 4, 4, 4, 0, 4, 4, 4, 4, 4, 4, 0, 4, 4, 4, 4, 4, 4, 4, 0, };
static BYTE INSTRUCTION_TABLE_55[] = { 84, 85, 86, 87, 88, 89, 86, 87, 84, 85, 86, 87, 88, 89, 86, 87, 84, 85, 86, 87, 88, 89, 86, 87, 84, 85, 86, 87, 88, 89, 86, 87, 84, 85, 86, 87, 88, 89, 86, 87, 84, 85, 86, 87, 88, 89, 86, 87, 84, 85, 86, 87, 88, 89, 86, 87, 84, 85, 86, 87, 88, 89, 86, 87, 90, 85, 86, 87, 91, 89, 86, 87, 90, 85, 86, 87, 91, 89, 86, 87, 90, 85, 86, 87, 91, 89, 86, 87, 90, 85, 86, 87, 91, 89, 86, 87, 90, 85, 86, 87, 91, 89, 86, 87, 90, 85, 86, 87, 91, 89, 86, 87, 90, 85, 86, 87, 91, 89, 86, 87, 92, 93, 94, 95, 96, 97, 98, 95, 84, 85, 86, 87, 88, 89, 86, 87, 84, 85, 86, 87, 88, 89, 86, 87, 84, 85, 86, 87, 88, 89, 86, 87, 84, 85, 86, 87, 88, 89, 86, 87, 84, 85, 86, 87, 88, 89, 86, 87, 84, 85, 86, 87, 88, 89, 86, 87, 84, 85, 86, 87, 88, 89, 86, 87, 84, 85, 86, 87, 88, 89, 86, 87, 90, 85, 86, 87, 91, 89, 86, 87, 90, 85, 86, 87, 91, 89, 86, 87, 90, 85, 86, 87, 91, 89, 86, 87, 90, 85, 86, 87, 91, 89, 86, 87, 90, 85, 86, 87, 91, 89, 86, 87, 90, 85, 86, 87, 91, 89, 86, 87, 90, 85, 86, 87, 91, 89, 86, 87, 99, 100, 94, 95, 96, 97, 98, 95, };
static BYTE INSTRUCTION_TABLE_56[] = { 3, 3, 3, 3, 75, 7, 3, 3, 0, 0, 0, 0, 0, 0, 0, 0, 0, 0, 0, 0, 0, 0, 0, 0, 0, 0, 0, 0, 0, 0, 0, 0, 0, 0, 0, 0, 0, 0, 0, 0, 0, 0, 0, 0, 0, 0, 0, 0, 0, 0, 0, 0, 0, 0, 0, 0, 0, 0, 0, 0, 0, 0, 0, 0, 4, 4, 4, 4, 5, 4, 4, 4, 0, 0, 0, 0, 0, 0, 0, 0, 0, 0, 0, 0, 0, 0, 0, 0, 0, 0, 0, 0, 0, 0, 0, 0, 0, 0, 0, 0, 0, 0, 0, 0, 0, 0, 0, 0, 0, 0, 0, 0, 0, 0, 0, 0, 0, 0, 0, 0, 0, 0, 0, 0, 0, 0, 0, 0, 7, 7, 7, 7, 8, 7, 7, 7, 0, 0, 0, 0, 0, 0, 0, 0, 0, 0, 0, 0, 0, 0, 0, 0, 0, 0, 0, 0, 0, 0, 0, 0, 0, 0, 0, 0, 0, 0, 0, 0, 0, 0, 0, 0, 0, 0, 0, 0, 0, 0, 0, 0, 0, 0, 0, 0, 0, 0, 0, 0, 0, 0, 0, 0, 3, 3, 3, 3, 3, 3, 3, 3, 0, 0, 0, 0, 0, 0, 0, 0, 0, 0, 0, 0, 0, 0, 0, 0, 0, 0, 0, 0, 0, 0, 0, 0, 0, 0, 0, 0, 0, 0, 0, 0, 0, 0, 0, 0, 0, 0, 0, 0, 0, 0, 0, 0, 0, 0, 0, 0, 3, 0, 0, 0, 0, 0, 0, 0, };
static BYTE INSTRUCTION_TABLE_57[] = { 6, 6, 6, 6, 73, 10, 6, 6, 0, 0, 0, 0, 0, 0, 0, 0, 0, 0, 0, 0, 0, 0, 0, 0, 0, 0, 0, 0, 0, 0, 0, 0, 0, 0, 0, 0, 0, 0, 0, 0, 0, 0, 0, 0, 0, 0, 0, 0, 0, 0, 0, 0, 0, 0, 0, 0, 0, 0, 0, 0, 0, 0, 0, 0, 7, 7, 7, 7, 8, 7, 7, 7, 0, 0, 0, 0, 0, 0, 0, 0, 0, 0, 0, 0, 0, 0, 0, 0, 0, 0, 0, 0, 0, 0, 0, 0, 0, 0, 0, 0, 0, 0, 0, 0, 0, 0, 0, 0, 0, 0, 0, 0, 0, 0, 0, 0, 0, 0, 0, 0, 0, 0, 0, 0, 0, 0, 0, 0, 10, 10, 10, 10, 11, 10, 10, 10, 0, 0, 0, 0, 0, 0, 0, 0, 0, 0, 0, 0, 0, 0, 0, 0, 0, 0, 0, 0, 0, 0, 0, 0, 0, 0, 0, 0, 0, 0, 0, 0, 0, 0, 0, 0, 0, 0, 0, 0, 0, 0, 0, 0, 0, 0, 0, 0, 0, 0, 0, 0, 0, 0, 0, 0, 6, 6, 6, 6, 6, 6, 6, 6, 0, 0, 0, 0, 0, 0, 0, 0, 0, 0, 0, 0, 0, 0, 0, 0, 0, 0, 0, 0, 0, 0, 0, 0, 0, 0, 0, 0, 0, 0, 0, 0, 0, 0, 0, 0, 0, 0, 0, 0, 0, 0, 0, 0, 0, 0, 0, 0, 6, 0, 0, 0, 0, 0, 0, 0, };
static BYTE INSTRUCTION_TABLE_58[] = { 2, 2, 2, 2, 16, 6, 2, 2, 0, 0, 0, 0, 0, 0, 0, 0, 2, 2, 2, 2, 16, 6, 2, 2, 2, 2, 2, 2, 16, 6, 2, 2, 2, 2, 2, 2, 16, 6, 2, 2, 2, 2, 2, 2, 16, 6, 2, 2, 2, 2, 2, 2, 16, 6, 2, 2, 2, 2, 2, 2, 16, 6, 2, 2, 3, 3, 3, 3, 4, 3, 3, 3, 0, 0, 0, 0, 0, 0, 0, 0, 3, 3, 3, 3, 4, 3, 3, 3, 3, 3, 3, 3, 4, 3, 3, 3, 3, 3, 3, 3, 4, 3, 3, 3, 3, 3, 3, 3, 4, 3, 3, 3, 3, 3, 3, 3, 4, 3, 3, 3, 3, 3, 3, 3, 4, 3, 3, 3, 6, 6, 6, 6, 7, 6, 6, 6, 0, 0, 0, 0, 0, 0, 0, 0, 6, 6, 6, 6, 7, 6, 6, 6, 6, 6, 6, 6, 7, 6, 6, 6, 6, 6, 6, 6, 7, 6, 6, 6, 6, 6, 6, 6, 7, 6, 6, 6, 6, 6, 6, 6, 7, 6, 6, 6, 6, 6, 6, 6, 7, 6, 6, 6, 2, 2, 2, 2, 2, 2, 2, 2, 2, 2, 2, 2, 2, 2, 2, 2, 2, 0, 0, 0, 0, 0, 0, 0, 2, 2, 2, 2, 2, 2, 2, 2, 2, 2, 0, 0, 2, 2, 0, 0, 2, 2, 2, 2, 2, 2, 2, 0, 2, 2, 2, 2, 2, 2, 2, 2, 2, 2, 2, 2, 2, 2, 2, 2, };
static BYTE INSTRUCTION_TABLE_59[] = { 2, 2, 2, 2, 16, 6, 2, 2, 2, 2, 2, 2, 16, 6, 2, 2, 2, 2, 2, 2, 16, 6, 2, 2, 2, 2, 2, 2, 16, 6, 2, 2, 2, 2, 2, 2, 16, 6, 2, 2, 2, 2, 2, 2, 16, 6, 2, 2, 2, 2, 2, 2, 16, 6, 2, 2, 2, 2, 2, 2, 16, 6, 2, 2, 3, 3, 3, 3, 4, 3, 3, 3, 3, 3, 3, 3, 4, 3, 3, 3, 3, 3, 3, 3, 4, 3, 3, 3, 3, 3, 3, 3, 4, 3, 3, 3, 3, 3, 3, 3, 4, 3, 3, 3, 3, 3, 3, 3, 4, 3, 3, 3, 3, 3, 3, 3, 4, 3, 3, 3, 3, 3, 3, 3, 4, 3, 3, 3, 6, 6, 6, 6, 7, 6, 6, 6, 6, 6, 6, 6, 7, 6, 6, 6, 6, 6, 6, 6, 7, 6, 6, 6, 6, 6, 6, 6, 7, 6, 6, 6, 6, 6, 6, 6, 7, 6, 6, 6, 6, 6, 6, 6, 7, 6, 6, 6, 6, 6, 6, 6, 7, 6, 6, 6, 6, 6, 6, 6, 7, 6, 6, 6, 2, 2, 2, 2, 2, 2, 2, 2, 2, 2, 2, 2, 2, 2, 2, 2, 2, 2, 2, 2, 2, 2, 2, 2, 2, 2, 2, 2, 2, 2, 2, 2, 0, 0, 0, 0, 0, 0, 0, 0, 0, 2, 0, 0, 0, 0, 0, 0, 0, 0, 0, 0, 0, 0, 0, 0, 0, 0, 0, 0, 0, 0, 0, 0, };
static BYTE INSTRUCTION_TABLE_5A[] = { 2, 2, 2, 2, 16, 6, 2, 2, 2, 2, 2, 2, 16, 6, 2, 2, 2, 2, 2, 2, 16, 6, 2, 2, 2, 2, 2, 2, 16, 6, 2, 2, 0, 0, 0, 0, 0, 0, 0, 0, 2, 2, 2, 2, 16, 6, 2, 2, 0, 0, 0, 0, 0, 0, 0, 0, 2, 2, 2, 2, 16, 6, 2, 2, 3, 3, 3, 3, 4, 3, 3, 3, 3, 3, 3, 3, 4, 3, 3, 3, 3, 3, 3, 3, 4, 3, 3, 3, 3, 3, 3, 3, 4, 3, 3, 3, 0, 0, 0, 0, 0, 0, 0, 0, 3, 3, 3, 3, 4, 3, 3, 3, 0, 0, 0, 0, 0, 0, 0, 0, 3, 3, 3, 3, 4, 3, 3, 3, 6, 6, 6, 6, 7, 6, 6, 6, 6, 6, 6, 6, 7, 6, 6, 6, 6, 6, 6, 6, 7, 6, 6, 6, 6, 6, 6, 6, 7, 6, 6, 6, 0, 0, 0, 0, 0, 0, 0, 0, 6, 6, 6, 6, 7, 6, 6, 6, 0, 0, 0, 0, 0, 0, 0, 0, 6, 6, 6, 6, 7, 6, 6, 6, 2, 2, 2, 2, 2, 2, 2, 2, 2, 2, 2, 2, 2, 2, 2, 2, 2, 2, 2, 2, 2, 2, 2, 2, 2, 2, 2, 2, 2, 2, 2, 2, 2, 2, 2, 2, 2, 0, 0, 0, 2, 2, 2, 2, 2, 2, 2, 2, 2, 2, 2, 2, 2, 2, 2, 2, 0, 0, 0, 0, 0, 0, 0, 0, };
static BYTE INSTRUCTION_TABLE_5B[] = { 2, 2, 2, 2, 16, 6, 2, 2, 2, 2, 2, 2, 16, 6, 2, 2, 2, 2, 2, 2, 16, 6, 2, 2, 2, 2, 2, 2, 16, 6, 2, 2, 2, 2, 2, 2, 16, 6, 2, 2, 0, 0, 0, 0, 0, 0, 0, 0, 2, 2, 2, 2, 16, 6, 2, 2, 2, 2, 2, 2, 16, 6, 2, 2, 3, 3, 3, 3, 4, 3, 3, 3, 3, 3, 3, 3, 4, 3, 3, 3, 3, 3, 3, 3, 4, 3, 3, 3, 3, 3, 3, 3, 4, 3, 3, 3, 3, 3, 3, 3, 4, 3, 3, 3, 0, 0, 0, 0, 0, 0, 0, 0, 3, 3, 3, 3, 4, 3, 3, 3, 3, 3, 3, 3, 4, 3, 3, 3, 6, 6, 6, 6, 7, 6, 6, 6, 6, 6, 6, 6, 7, 6, 6, 6, 6, 6, 6, 6, 7, 6, 6, 6, 6, 6, 6, 6, 7, 6, 6, 6, 6, 6, 6, 6, 7, 6, 6, 6, 0, 0, 0, 0, 0, 0, 0, 0, 6, 6, 6, 6, 7, 6, 6, 6, 6, 6, 6, 6, 7, 6, 6, 6, 2, 2, 2, 2, 2, 2, 2, 2, 2, 2, 2, 2, 2, 2, 2, 2, 2, 2, 2, 2, 2, 2, 2, 2, 2, 2, 2, 2, 2, 2, 2, 2, 2, 2, 2, 2, 2, 2, 2, 2, 2, 2, 2, 2, 2, 2, 2, 2, 0, 0, 0, 0, 0, 0, 0, 0, 0, 0, 0, 0, 0, 0, 0, 0, };
static BYTE INSTRUCTION_TABLE_5C[] = { 2, 2, 2, 2, 16, 6, 2, 2, 2, 2, 2, 2, 16, 6, 2, 2, 2, 2, 2, 2, 16, 6, 2, 2, 2, 2, 2, 2, 16, 6, 2, 2, 2, 2, 2, 2, 16, 6, 2, 2, 2, 2, 2, 2, 16, 6, 2, 2, 2, 2, 2, 2, 16, 6, 2, 2, 2, 2, 2, 2, 16, 6, 2, 2, 3, 3, 3, 3, 4, 3, 3, 3, 3, 3, 3, 3, 4, 3, 3, 3, 3, 3, 3, 3, 4, 3, 3, 3, 3, 3, 3, 3, 4, 3, 3, 3, 3, 3, 3, 3, 4, 3, 3, 3, 3, 3, 3, 3, 4, 3, 3, 3, 3, 3, 3, 3, 4, 3, 3, 3, 3, 3, 3, 3, 4, 3, 3, 3, 6, 6, 6, 6, 7, 6, 6, 6, 6, 6, 6, 6, 7, 6, 6, 6, 6, 6, 6, 6, 7, 6, 6, 6, 6, 6, 6, 6, 7, 6, 6, 6, 6, 6, 6, 6, 7, 6, 6, 6, 6, 6, 6, 6, 7, 6, 6, 6, 6, 6, 6, 6, 7, 6, 6, 6, 6, 6, 6, 6, 7, 6, 6, 6, 2, 2, 2, 2, 2, 2, 2, 2, 2, 2, 2, 2, 2, 2, 2, 2, 2, 2, 2, 2, 2, 2, 2, 2, 0, 2, 0, 0, 0, 0, 0, 0, 2, 2, 2, 2, 2, 2, 2, 2, 2, 2, 2, 2, 2, 2, 2, 2, 2, 2, 2, 2, 2, 2, 2, 2, 2, 2, 2, 2, 2, 2, 2, 2, };
static BYTE INSTRUCTION_TABLE_5D[] = { 2, 2, 2, 2, 16, 6, 2, 2, 2, 2, 2, 2, 16, 6, 2, 2, 2, 2, 2, 2, 16, 6, 2, 2, 2, 2, 2, 2, 16, 6, 2, 2, 2, 2, 2, 2, 16, 6, 2, 2, 2, 2, 2, 2, 16, 6, 2, 2, 2, 2, 2, 2, 16, 6, 2, 2, 2, 2, 2, 2, 16, 6, 2, 2, 3, 3, 3, 3, 4, 3, 3, 3, 3, 3, 3, 3, 4, 3, 3, 3, 3, 3, 3, 3, 4, 3, 3, 3, 3, 3, 3, 3, 4, 3, 3, 3, 3, 3, 3, 3, 4, 3, 3, 3, 3, 3, 3, 3, 4, 3, 3, 3, 3, 3, 3, 3, 4, 3, 3, 3, 3, 3, 3, 3, 4, 3, 3, 3, 6, 6, 6, 6, 7, 6, 6, 6, 6, 6, 6, 6, 7, 6, 6, 6, 6, 6, 6, 6, 7, 6, 6, 6, 6, 6, 6, 6, 7, 6, 6, 6, 6, 6, 6, 6, 7, 6, 6, 6, 6, 6, 6, 6, 7, 6, 6, 6, 6, 6, 6, 6, 7, 6, 6, 6, 6, 6, 6, 6, 7, 6, 6, 6, 2, 2, 2, 2, 2, 2, 2, 2, 2, 2, 2, 2, 2, 2, 2, 2, 2, 2, 2, 2, 2, 2, 2, 2, 2, 2, 2, 2, 2, 2, 2, 2, 2, 0, 0, 0, 0, 0, 0, 0, 2, 2, 2, 2, 2, 2, 2, 2, 2, 2, 2, 2, 2, 2, 2, 2, 0, 0, 0, 0, 0, 0, 0, 0, };
static BYTE INSTRUCTION_TABLE_5E[] = { 0, 0, 0, 0, 0, 0, 0, 0, 0, 0, 0, 0, 0, 0, 0, 0, 0, 0, 0, 0, 0, 0, 0, 0, 0, 0, 0, 0, 0, 0, 0, 0, 0, 0, 0, 0, 0, 0, 0, 0, 0, 0, 0, 0, 0, 0, 0, 0, 0, 0, 0, 0, 0, 0, 0, 0, 0, 0, 0, 0, 0, 0, 0, 0, 0, 0, 0, 0, 0, 0, 0, 0, 0, 0, 0, 0, 0, 0, 0, 0, 0, 0, 0, 0, 0, 0, 0, 0, 0, 0, 0, 0, 0, 0, 0, 0, 0, 0, 0, 0, 0, 0, 0, 0, 0, 0, 0, 0, 0, 0, 0, 0, 0, 0, 0, 0, 0, 0, 0, 0, 0, 0, 0, 0, 0, 0, 0, 0, 0, 0, 0, 0, 0, 0, 0, 0, 0, 0, 0, 0, 0, 0, 0, 0, 0, 0, 0, 0, 0, 0, 0, 0, 0, 0, 0, 0, 0, 0, 0, 0, 0, 0, 0, 0, 0, 0, 0, 0, 0, 0, 0, 4, 0, 0, 0, 0, 4, 4, 0, 4, 0, 0, 0, 0, 0, 0, 0, 4, 0, 0, 0, 0, 4, 4, 0, 0, 0, 0, 0, 0, 0, 0, 0, 0, 0, 0, 0, 0, 0, 0, 0, 0, 0, 0, 0, 0, 0, 0, 0, 0, 0, 0, 0, 0, 0, 0, 0, 0, 0, 0, 0, 0, 0, 0, 0, 0, 0, 0, 0, 0, 0, 0, 0, 0, 0, 0, 0, 0, 0, 0, 0, 0, 0, 0, 0, 0, };
static BYTE INSTRUCTION_TABLE_5F[] = { 4, 4, 4, 4, 5, 8, 4, 4, 4, 4, 4, 4, 5, 8, 4, 4, 4, 4, 4, 4, 5, 8, 4, 4, 4, 4, 4, 4, 5, 8, 4, 4, 4, 4, 4, 4, 5, 8, 4, 4, 4, 4, 4, 4, 5, 8, 4, 4, 4, 4, 4, 4, 5, 8, 4, 4, 0, 0, 0, 0, 0, 0, 0, 0, 5, 5, 5, 5, 6, 5, 5, 5, 5, 5, 5, 5, 6, 5, 5, 5, 5, 5, 5, 5, 6, 5, 5, 5, 5, 5, 5, 5, 6, 5, 5, 5, 5, 5, 5, 5, 6, 5, 5, 5, 5, 5, 5, 5, 6, 5, 5, 5, 5, 5, 5, 5, 6, 5, 5, 5, 0, 0, 0, 0, 0, 0, 0, 0, 8, 8, 8, 8, 9, 8, 8, 8, 8, 8, 8, 8, 9, 8, 8, 8, 8, 8, 8, 8, 9, 8, 8, 8, 8, 8, 8, 8, 9, 8, 8, 8, 8, 8, 8, 8, 9, 8, 8, 8, 8, 8, 8, 8, 9, 8, 8, 8, 8, 8, 8, 8, 9, 8, 8, 8, 0, 0, 0, 0, 0, 0, 0, 0, 0, 0, 0, 0, 0, 0, 0, 0, 0, 0, 0, 0, 0, 0, 0, 0, 0, 0, 0, 0, 0, 0, 0, 0, 0, 0, 0, 0, 0, 0, 0, 0, 0, 0, 0, 0, 0, 0, 0, 0, 0, 0, 0, 0, 0, 0, 0, 0, 0, 0, 0, 0, 0, 0, 0, 0, 0, 0, 0, 0, 0, 0, 0, 0, };
static BYTE INSTRUCTION_TABLE_60[] = { 7, 7, 7, 7, 8, 11, 7, 7, 7, 7, 7, 7, 8, 11, 7, 7, 7, 7, 7, 7, 8, 11, 7, 7, 7, 7, 7, 7, 8, 11, 7, 7, 7, 7, 7, 7, 8, 11, 7, 7, 7, 7, 7, 7, 8, 11, 7, 7, 7, 7, 7, 7, 8, 11, 7, 7, 0, 0, 0, 0, 0, 0, 0, 0, 8, 8, 8, 8, 9, 8, 8, 8, 8, 8, 8, 8, 9, 8, 8, 8, 8, 8, 8, 8, 9, 8, 8, 8, 8, 8, 8, 8, 9, 8, 8, 8, 8, 8, 8, 8, 9, 8, 8, 8, 8, 8, 8, 8, 9, 8, 8, 8, 8, 8, 8, 8, 9, 8, 8, 8, 0, 0, 0, 0, 0, 0, 0, 0, 11, 11, 11, 11, 12, 11, 11, 11, 11, 11, 11, 11, 12, 11, 11, 11, 11, 11, 11, 11, 12, 11, 11, 11, 11, 11, 11, 11, 12, 11, 11, 11, 11, 11, 11, 11, 12, 11, 11, 11, 11, 11, 11, 11, 12, 11, 11, 11, 11, 11, 11, 11, 12, 11, 11, 11, 0, 0, 0, 0, 0, 0, 0, 0, 0, 0, 0, 0, 0, 0, 0, 0, 0, 0, 0, 0, 0, 0, 0, 0, 0, 0, 0, 0, 0, 0, 0, 0, 0, 0, 0, 0, 0, 0, 0, 0, 0, 0, 0, 0, 0, 0, 0, 0, 0, 0, 0, 0, 0, 0, 0, 0, 0, 0, 0, 0, 0, 0, 0, 0, 0, 0, 0, 0, 0, 0, 0, 0, };
static BYTE INSTRUCTION_TABLE_61[] = { 0, 0, 0, 0, 0, 0, 0, 0, 0, 0, 0, 0, 0, 0, 0, 0, 3, 3, 3, 3, 4, 7, 3, 3, 3, 3, 3, 3, 4, 7, 3, 3, 0, 0, 0, 0, 0, 0, 0, 0, 0, 0, 0, 0, 0, 0, 0, 0, 0, 0, 0, 0, 0, 0, 0, 0, 0, 0, 0, 0, 0, 0, 0, 0, 0, 0, 0, 0, 0, 0, 0, 0, 0, 0, 0, 0, 0, 0, 0, 0, 4, 4, 4, 4, 5, 4, 4, 4, 4, 4, 4, 4, 5, 4, 4, 4, 0, 0, 0, 0, 0, 0, 0, 0, 0, 0, 0, 0, 0, 0, 0, 0, 0, 0, 0, 0, 0, 0, 0, 0, 0, 0, 0, 0, 0, 0, 0, 0, 0, 0, 0, 0, 0, 0, 0, 0, 0, 0, 0, 0, 0, 0, 0, 0, 7, 7, 7, 7, 8, 7, 7, 7, 7, 7, 7, 7, 8, 7, 7, 7, 0, 0, 0, 0, 0, 0, 0, 0, 0, 0, 0, 0, 0, 0, 0, 0, 0, 0, 0, 0, 0, 0, 0, 0, 0, 0, 0, 0, 0, 0, 0, 0, 0, 0, 0, 0, 0, 0, 0, 0, 0, 0, 0, 0, 0, 0, 0, 0, 0, 0, 0, 0, 0, 0, 0, 0, 0, 0, 0, 0, 0, 0, 0, 0, 0, 0, 0, 0, 0, 0, 0, 0, 0, 0, 0, 0, 0, 0, 0, 0, 0, 0, 0, 0, 0, 0, 0, 0, 0, 0, 0, 0, 0, 0, 0, 0, };
static BYTE INSTRUCTION_TABLE_62[] = { 3, 3, 3, 3, 4, 7, 3, 3, 3, 3, 3, 3, 4, 7, 3, 3, 0, 0, 0, 0, 0, 0, 0, 0, 0, 0, 0, 0, 0, 0, 0, 0, 0, 0, 0, 0, 0, 0, 0, 0, 0, 0, 0, 0, 0, 0, 0, 0, 0, 0, 0, 0, 0, 0, 0, 0, 0, 0, 0, 0, 0, 0, 0, 0, 4, 4, 4, 4, 5, 4, 4, 4, 4, 4, 4, 4, 5, 4, 4, 4, 0, 0, 0, 0, 0, 0, 0, 0, 0, 0, 0, 0, 0, 0, 0, 0, 0, 0, 0, 0, 0, 0, 0, 0, 0, 0, 0, 0, 0, 0, 0, 0, 0, 0, 0, 0, 0, 0, 0, 0, 0, 0, 0, 0, 0, 0, 0, 0, 7, 7, 7, 7, 8, 7, 7, 7, 7, 7, 7, 7, 8, 7, 7, 7, 0, 0, 0, 0, 0, 0, 0, 0, 0, 0, 0, 0, 0, 0, 0, 0, 0, 0, 0, 0, 0, 0, 0, 0, 0, 0, 0, 0, 0, 0, 0, 0, 0, 0, 0, 0, 0, 0, 0, 0, 0, 0, 0, 0, 0, 0, 0, 0, 0, 0, 0, 0, 0, 0, 0, 0, 0, 0, 0, 0, 0, 0, 0, 0, 0, 0, 0, 0, 0, 0, 0, 0, 0, 0, 0, 0, 0, 0, 0, 0, 0, 0, 0, 0, 0, 0, 0, 0, 0, 0, 0, 0, 0, 0, 0, 0, 0, 0, 0, 0, 0, 0, 0, 0, 0, 0, 0, 0, 0, 0, 0, 0, };
static BYTE INSTRUCTION_TABLE_63[] = { 21, 21, 0, 0, 0, 0, 0, 0, 21, 21, 0, 0, 0, 0, 0, 110, 21, 21, 0, 0, 0, 0, 0, 0, 21, 21, 0, 0, 0, 0, 0, 0, 21, 21, 0, 0, 0, 0, 52, 0, 21, 21, 0, 0, 0, 0, 52, 0, 21, 21, 0, 0, 0, 0, 52, 0, 0, 0, 0, 0, 0, 0, 52, 0, 52, 52, 52, 52, 52, 52, 52, 52, 52, 52, 52, 52, 52, 52, 52, 52, 0, 0, 0, 0, 0, 0, 0, 0, 0, 0, 0, 0, 0, 0, 0, 0, 0, 0, 0, 0, 52, 52, 68, 52, 0, 0, 0, 0, 0, 0, 0, 0, 0, 0, 0, 0, 0, 0, 0, 0, 0, 0, 0, 0, 0, 0, 0, 0, 111, 112, 0, 111, 0, 0, 21, 21, 0, 0, 0, 0, 0, 0, 0, 0, 0, 0, 0, 0, 0, 0, 0, 0, 0, 0, 0, 0, 0, 0, 0, 0, 0, 0, 0, 0, 0, 0, 0, 0, 0, 0, 0, 0, 0, 0, 0, 0, 0, 0, 0, 0, 0, 0, 0, 0, 0, 0, 0, 0, 0, 0, 0, 0, 0, 0, 0, 0, 0, 0, 0, 0, 0, 0, 0, 0, 0, 0, 0, 0, 0, 0, 0, 0, 0, 0, 0, 0, 0, 0, 0, 0, 0, 0, 0, 0, 0, 0, 0, 0, 0, 0, 0, 0, 0, 0, 0, 0, 0, 0, 0, 0, 52, 0, 52, 52, 0, 0, 113, 113, 0, 0, 0, 0, 0, 0, 114, 114, };
static BYTE INSTRUCTION_TABLE_64[] = { 4, 4, 4, 4, 0, 3, 3, 3, 3, 3, 0, 3, 0, 4, 3, 0, 4, 4, 4, 0, 0, 0, 0, 0, 4, 4, 4, 4, 4, 4, 4, 4, 4, 4, 4, 4, 0, 0, 0, 0, 0, 0, 4, 4, 4, 4, 0, 0, 3, 3, 3, 3, 3, 3, 0, 0, 0, 0, 0, 0, 0, 0, 0, 0, 4, 4, 4, 4, 4, 4, 4, 4, 4, 4, 4, 4, 4, 4, 4, 4, 0, 4, 0, 0, 0, 0, 0, 0, 4, 4, 4, 0, 4, 4, 4, 4, 0, 0, 0, 0, 0, 0, 0, 0, 0, 0, 0, 0, 0, 0, 0, 0, 5, 0, 0, 0, 0, 0, 0, 0, 0, 0, 0, 0, 4, 4, 0, 0, 7, 7, 7, 7, 7, 7, 7, 7, 7, 7, 7, 7, 7, 7, 7, 7, 4, 4, 4, 4, 4, 4, 4, 4, 4, 4, 4, 4, 4, 4, 4, 4, 3, 3, 3, 4, 5, 4, 0, 0, 3, 3, 3, 4, 5, 4, 0, 4, 4, 4, 4, 4, 4, 4, 4, 4, 0, 4, 0, 4, 4, 4, 4, 4, 4, 4, 5, 0, 0, 0, 0, 0, 3, 3, 3, 3, 3, 3, 3, 3, 4, 0, 0, 0, 0, 0, 0, 0, 0, 0, 0, 0, 0, 0, 0, 0, 0, 0, 0, 0, 0, 0, 4, 0, 0, 0, 0, 0, 0, 0, 0, 0, 4, 0, 0, 0, 0, 0, 0, 0, 0, 0, 0, 0, 0, 0, 0, 4, };
static BYTE INSTRUCTION_TABLE_65[] = { 20, 20, 20, 20, 3, 6, 0, 0, 20, 20, 20, 20, 3, 6, 0, 116, 20, 20, 20, 20, 3, 6, 0, 0, 20, 20, 20, 20, 3, 6, 0, 0, 20, 20, 20, 20, 3, 6, 37, 0, 20, 20, 20, 20, 3, 6, 37, 0, 20, 20, 20, 20, 3, 6, 37, 0, 20, 20, 20, 20, 3, 6, 37, 0, 37, 37, 37, 37, 37, 37, 37, 37, 38, 38, 38, 38, 38, 38, 38, 38, 2, 2, 2, 2, 2, 2, 2, 2, 2, 2, 2, 2, 2, 2, 2, 2, 0, 0, 0, 20, 37, 37, 39, 40, 6, 41, 3, 27, 2, 2, 2, 2, 3, 3, 3, 3, 3, 3, 3, 3, 3, 3, 3, 3, 3, 3, 3, 3, 27, 41, 0, 27, 20, 20, 20, 20, 20, 20, 20, 20, 18, 21, 42, 43, 2, 2, 2, 2, 2, 2, 2, 2, 2, 2, 0, 2, 2, 2, 2, 2, 10, 10, 10, 10, 2, 2, 2, 2, 3, 6, 2, 2, 2, 2, 2, 2, 3, 3, 3, 3, 3, 3, 3, 3, 6, 6, 6, 6, 6, 6, 6, 6, 27, 27, 4, 2, 0, 0, 44, 45, 5, 2, 4, 2, 2, 3, 0, 2, 20, 20, 20, 20, 0, 0, 0, 2, 20, 46, 47, 48, 20, 49, 50, 51, 3, 3, 3, 3, 3, 3, 3, 3, 6, 6, 0, 3, 2, 2, 2, 2, 52, 2, 37, 37, 2, 2, 53, 54, 2, 2, 2, 2, 2, 2, 55, 56, };
static BYTE INSTRUCTION_TABLE_66[] = { 4, 4, 4, 4, 0, 3, 3, 3, 3, 3, 0, 3, 0, 4, 3, 0, 4, 4, 4, 0, 0, 0, 4, 0, 4, 4, 4, 4, 4, 4, 4, 4, 4, 4, 4, 4, 0, 0, 0, 0, 0, 0, 4, 4, 4, 4, 0, 0, 3, 3, 3, 3, 3, 3, 0, 0, 0, 0, 0, 0, 0, 0, 0, 0, 4, 4, 4, 4, 4, 4, 4, 4, 4, 4, 4, 4, 4, 4, 4, 4, 0, 4, 4, 4, 0, 0, 0, 0, 4, 4, 4, 4, 4, 4, 4, 4, 0, 0, 0, 0, 0, 0, 0, 0, 0, 0, 0, 0, 0, 0, 0, 4, 5, 0, 0, 0, 0, 0, 0, 0, 0, 0, 0, 0, 0, 0, 4, 4, 7, 7, 7, 7, 7, 7, 7, 7, 7, 7, 7, 7, 7, 7, 7, 7, 4, 4, 4, 4, 4, 4, 4, 4, 4, 4, 4, 4, 4, 4, 4, 4, 3, 3, 3, 4, 5, 4, 0, 0, 3, 3, 3, 4, 5, 4, 0, 4, 4, 4, 4, 4, 4, 4, 4, 4, 4, 4, 0, 4, 4, 4, 4, 4, 4, 4, 5, 0, 0, 0, 0, 0, 3, 3, 3, 3, 3, 3, 3, 3, 0, 0, 0, 0, 0, 0, 0, 0, 0, 0, 0, 0, 0, 0, 0, 0, 0, 0, 0, 0, 0, 0, 4, 0, 0, 0, 0, 0, 0, 0, 0, 0, 0, 0, 0, 0, 0, 0, 0, 0, 0, 0, 0, 0, 0, 0, 0, 4, };
static BYTE INSTRUCTION_TABLE_67[] = { 20, 20, 20, 20, 3, 6, 0, 0, 20, 20, 20, 20, 3, 6, 0, 118, 20, 20, 20, 20, 3, 6, 0, 0, 20, 20, 20, 20, 3, 6, 0, 0, 20, 20, 20, 20, 3, 6, 37, 0, 20, 20, 20, 20, 3, 6, 37, 0, 20, 20, 20, 20, 3, 6, 37, 0, 20, 20, 20, 20, 3, 6, 37, 0, 37, 37, 37, 37, 37, 37, 37, 37, 38, 38, 38, 38, 38, 38, 38, 38, 2, 2, 2, 2, 2, 2, 2, 2, 2, 2, 2, 2, 2, 2, 2, 2, 0, 0, 0, 20, 37, 37, 39, 40, 6, 41, 3, 27, 2, 2, 2, 2, 3, 3, 3, 3, 3, 3, 3, 3, 3, 3, 3, 3, 3, 3, 3, 3, 27, 41, 0, 27, 20, 20, 20, 20, 20, 20, 20, 20, 18, 21, 42, 43, 2, 2, 2, 2, 2, 2, 2, 2, 2, 2, 0, 2, 2, 2, 2, 2, 10, 10, 10, 10, 2, 2, 2, 2, 3, 6, 2, 2, 2, 2, 2, 2, 3, 3, 3, 3, 3, 3, 3, 3, 6, 6, 6, 6, 6, 6, 6, 6, 27, 27, 4, 2, 0, 0, 44, 45, 5, 2, 4, 2, 2, 3, 0, 2, 20, 20, 20, 20, 0, 0, 0, 2, 20, 46, 47, 48, 20, 49, 50, 51, 3, 3, 3, 3, 3, 3, 3, 3, 6, 6, 0, 3, 2, 2, 2, 2, 52, 2, 37, 37, 2, 2, 53, 54, 2, 2, 2, 2, 2, 2, 55, 56, };
static BYTE INSTRUCTION_TABLE_68[] = { 3, 3, 3, 3, 75, 7, 3, 3, 3, 3, 3, 3, 75, 7, 3, 3, 2, 2, 2, 2, 16, 6, 2, 2, 2, 2, 2, 2, 16, 6, 2, 2, 2, 2, 2, 2, 16, 6, 2, 2, 2, 2, 2, 2, 16, 6, 2, 2, 2, 2, 2, 2, 16, 6, 2, 2, 2, 2, 2, 2, 16, 6, 2, 2, 4, 4, 4, 4, 5, 4, 4, 4, 4, 4, 4, 4, 5, 4, 4, 4, 3, 3, 3, 3, 4, 3, 3, 3, 3, 3, 3, 3, 4, 3, 3, 3, 3, 3, 3, 3, 4, 3, 3, 3, 3, 3, 3, 3, 4, 3, 3, 3, 3, 3, 3, 3, 4, 3, 3, 3, 3, 3, 3, 3, 4, 3, 3, 3, 7, 7, 7, 7, 8, 7, 7, 7, 7, 7, 7, 7, 8, 7, 7, 7, 6, 6, 6, 6, 7, 6, 6, 6, 6, 6, 6, 6, 7, 6, 6, 6, 6, 6, 6, 6, 7, 6, 6, 6, 6, 6, 6, 6, 7, 6, 6, 6, 6, 6, 6, 6, 7, 6, 6, 6, 6, 6, 6, 6, 7, 6, 6, 6, 3, 3, 3, 3, 3, 3, 3, 3, 3, 3, 3, 3, 3, 3, 3, 3, 2, 2, 2, 2, 2, 2, 2, 2, 2, 2, 2, 2, 2, 2, 2, 2, 2, 2, 2, 2, 2, 2, 2, 2, 2, 2, 2, 2, 2, 2, 2, 2, 2, 2, 2, 2, 2, 2, 2, 2, 2, 2, 2, 2, 2, 2, 2, 2, };
static BYTE INSTRUCTION_TABLE_69[] = { 6, 6, 6, 6, 73, 10, 6, 6, 6, 6, 6, 6, 73, 10, 6, 6, 2, 2, 2, 2, 16, 6, 2, 2, 2, 2, 2, 2, 16, 6, 2, 2, 2, 2, 2, 2, 16, 6, 2, 2, 2, 2, 2, 2, 16, 6, 2, 2, 2, 2, 2, 2, 16, 6, 2, 2, 2, 2, 2, 2, 16, 6, 2, 2, 7, 7, 7, 7, 8, 7, 7, 7, 7, 7, 7, 7, 8, 7, 7, 7, 3, 3, 3, 3, 4, 3, 3, 3, 3, 3, 3, 3, 4, 3, 3, 3, 3, 3, 3, 3, 4, 3, 3, 3, 3, 3, 3, 3, 4, 3, 3, 3, 3, 3, 3, 3, 4, 3, 3, 3, 3, 3, 3, 3, 4, 3, 3, 3, 10, 10, 10, 10, 11, 10, 10, 10, 10, 10, 10, 10, 11, 10, 10, 10, 6, 6, 6, 6, 7, 6, 6, 6, 6, 6, 6, 6, 7, 6, 6, 6, 6, 6, 6, 6, 7, 6, 6, 6, 6, 6, 6, 6, 7, 6, 6, 6, 6, 6, 6, 6, 7, 6, 6, 6, 6, 6, 6, 6, 7, 6, 6, 6, 6, 6, 6, 6, 6, 6, 6, 6, 6, 6, 6, 6, 6, 6, 6, 6, 2, 2, 2, 2, 2, 2, 2, 2, 2, 2, 2, 2, 2, 2, 2, 2, 2, 2, 2, 2, 2, 2, 2, 2, 2, 2, 2, 2, 2, 2, 2, 2, 2, 2, 2, 2, 2, 2, 2, 2, 2, 2, 2, 2, 2, 2, 2, 2, };
static BYTE INSTRUCTION_TABLE_6A[] = { 2, 2, 2, 2, 16, 6, 2, 2, 2, 2, 2, 2, 16, 6, 2, 2, 0, 0, 0, 0, 0, 0, 0, 0, 0, 0, 0, 0, 0, 0, 0, 0, 0, 0, 0, 0, 0, 0, 0, 0, 0, 0, 0, 0, 0, 0, 0, 0, 0, 0, 0, 0, 0, 0, 0, 0, 0, 0, 0, 0, 0, 0, 0, 0, 3, 3, 3, 3, 4, 3, 3, 3, 3, 3, 3, 3, 4, 3, 3, 3, 0, 0, 0, 0, 0, 0, 0, 0, 0, 0, 0, 0, 0, 0, 0, 0, 0, 0, 0, 0, 0, 0, 0, 0, 0, 0, 0, 0, 0, 0, 0, 0, 0, 0, 0, 0, 0, 0, 0, 0, 0, 0, 0, 0, 0, 0, 0, 0, 6, 6, 6, 6, 7, 6, 6, 6, 6, 6, 6, 6, 7, 6, 6, 6, 0, 0, 0, 0, 0, 0, 0, 0, 0, 0, 0, 0, 0, 0, 0, 0, 0, 0, 0, 0, 0, 0, 0, 0, 0, 0, 0, 0, 0, 0, 0, 0, 0, 0, 0, 0, 0, 0, 0, 0, 0, 0, 0, 0, 0, 0, 0, 0, 2, 2, 2, 2, 2, 2, 2, 2, 2, 2, 2, 2, 2, 2, 2, 2, 0, 0, 0, 0, 0, 0, 0, 0, 0, 0, 0, 0, 0, 0, 0, 0, 0, 0, 0, 0, 0, 0, 0, 0, 0, 0, 0, 0, 0, 0, 0, 0, 0, 0, 0, 0, 0, 0, 0, 0, 0, 0, 0, 0, 0, 0, 0, 0, };
static BYTE INSTRUCTION_TABLE_6B[] = { 2, 2, 2, 2, 16, 6, 2, 2, 2, 2, 2, 2, 16, 6, 2, 2, 2, 2, 2, 2, 16, 6, 2, 2, 2, 2, 2, 2, 16, 6, 2, 2, 2, 2, 2, 2, 16, 6, 2, 2, 2, 2, 2, 2, 16, 6, 2, 2, 2, 2, 2, 2, 16, 6, 2, 2, 0, 0, 0, 0, 0, 0, 0, 0, 3, 3, 3, 3, 4, 3, 3, 3, 3, 3, 3, 3, 4, 3, 3, 3, 3, 3, 3, 3, 4, 3, 3, 3, 3, 3, 3, 3, 4, 3, 3, 3, 3, 3, 3, 3, 4, 3, 3, 3, 3, 3, 3, 3, 4, 3, 3, 3, 3, 3, 3, 3, 4, 3, 3, 3, 0, 0, 0, 0, 0, 0, 0, 0, 6, 6, 6, 6, 7, 6, 6, 6, 6, 6, 6, 6, 7, 6, 6, 6, 6, 6, 6, 6, 7, 6, 6, 6, 6, 6, 6, 6, 7, 6, 6, 6, 6, 6, 6, 6, 7, 6, 6, 6, 6, 6, 6, 6, 7, 6, 6, 6, 6, 6, 6, 6, 7, 6, 6, 6, 0, 0, 0, 0, 0, 0, 0, 0, 2, 2, 2, 2, 2, 2, 2, 2, 2, 2, 2, 2, 2, 2, 2, 2, 2, 2, 2, 2, 2, 2, 2, 2, 0, 0, 0, 0, 0, 0, 0, 0, 2, 2, 2, 2, 2, 2, 2, 2, 0, 0, 0, 0, 0, 0, 0, 0, 2, 2, 2, 2, 2, 2, 2, 2, 0, 0, 0, 0, 0, 0, 0, 0, };
static BYTE INSTRUCTION_TABLE[] = { 17, 17, 17, 17, 2, 5, 0, 0, 17, 17, 17, 17, 2, 5, 0, 35, 17, 17, 17, 17, 2, 5, 0, 0, 17, 17, 17, 17, 2, 5, 0, 0, 17, 17, 17, 17, 2, 5, 57, 0, 17, 17, 17, 17, 2, 5, 57, 0, 17, 17, 17, 17, 2, 5, 57, 0, 17, 17, 17, 17, 2, 5, 57, 0, 57, 57, 57, 57, 59, 59, 59, 59, 60, 60, 60, 60, 61, 61, 61, 61, 1, 1, 1, 1, 1, 1, 1, 1, 1, 1, 1, 1, 1, 1, 1, 1, 0, 0, 63, 17, 57, 57, 70, 72, 5, 74, 2, 76, 1, 1, 1, 1, 2, 2, 2, 2, 2, 2, 2, 2, 2, 2, 2, 2, 2, 2, 2, 2, 76, 74, 0, 76, 17, 17, 17, 17, 17, 17, 17, 17, 77, 78, 79, 80, 1, 1, 1, 1, 1, 1, 1, 1, 1, 1, 0, 1, 1, 1, 1, 1, 9, 9, 9, 9, 1, 1, 1, 1, 2, 5, 1, 1, 1, 1, 1, 1, 2, 2, 2, 2, 2, 2, 2, 2, 5, 5, 5, 5, 5, 5, 5, 5, 76, 76, 3, 1, 83, 101, 102, 103, 4, 1, 3, 1, 1, 2, 0, 1, 17, 17, 17, 17, 0, 0, 0, 1, 17, 104, 105, 106, 17, 107, 108, 109, 2, 2, 2, 2, 2, 2, 2, 2, 5, 5, 0, 2, 1, 1, 1, 1, 115, 1, 117, 119, 1, 1, 120, 121, 1, 1, 1, 1, 1, 1, 122, 123, };
static BYTE* INSTRUCTION_TABLES[] = { INSTRUCTION_TABLE_00, INSTRUCTION_TABLE_01, INSTRUCTION_TABLE_02, INSTRUCTION_TABLE_03, INSTRUCTION_TABLE_04, INSTRUCTION_TABLE_05, INSTRUCTION_TABLE_06, INSTRUCTION_TABLE_07, INSTRUCTION_TABLE_08, INSTRUCTION_TABLE_09, INSTRUCTION_TABLE_0A, INSTRUCTION_TABLE_0B, INSTRUCTION_TABLE_0C, INSTRUCTION_TABLE_0D, INSTRUCTION_TABLE_0E, INSTRUCTION_TABLE_0F, INSTRUCTION_TABLE_10, INSTRUCTION_TABLE_11, INSTRUCTION_TABLE_12, INSTRUCTION_TABLE_13, INSTRUCTION_TABLE_14, INSTRUCTION_TABLE_15, INSTRUCTION_TABLE_16, INSTRUCTION_TABLE_17, INSTRUCTION_TABLE_18, INSTRUCTION_TABLE_19, INSTRUCTION_TABLE_1A, INSTRUCTION_TABLE_1B, INSTRUCTION_TABLE_1C, INSTRUCTION_TABLE_1D, INSTRUCTION_TABLE_1E, INSTRUCTION_TABLE_1F, INSTRUCTION_TABLE_20, INSTRUCTION_TABLE_21, INSTRUCTION_TABLE_22, INSTRUCTION_TABLE_23, INSTRUCTION_TABLE_24, INSTRUCTION_TABLE_25, INSTRUCTION_TABLE_26, INSTRUCTION_TABLE_27, INSTRUCTION_TABLE_28, INSTRUCTION_TABLE_29, INSTRUCTION_TABLE_2A, INSTRUCTION_TABLE_2B, INSTRUCTION_TABLE_2C, INSTRUCTION_TABLE_2D, INSTRUCTION_TABLE_2E, INSTRUCTION_TABLE_2F, INSTRUCTION_TABLE_30, INSTRUCTION_TABLE_31, INSTRUCTION_TABLE_32, INSTRUCTION_TABLE_33, INSTRUCTION_TABLE_34, INSTRUCTION_TABLE_35, INSTRUCTION_TABLE_36, INSTRUCTION_TABLE_37, INSTRUCTION_TABLE_38, INSTRUCTION_TABLE_39, INSTRUCTION_TABLE_3A, INSTRUCTION_TABLE_3B, INSTRUCTION_TABLE_3C, INSTRUCTION_TABLE_3D, INSTRUCTION_TABLE_3E, INSTRUCTION_TABLE_3F, INSTRUCTION_TABLE_40, INSTRUCTION_TABLE_41, INSTRUCTION_TABLE_42, INSTRUCTION_TABLE_43, INSTRUCTION_TABLE_44, INSTRUCTION_TABLE_45, INSTRUCTION_TABLE_46, INSTRUCTION_TABLE_47, INSTRUCTION_TABLE_48, INSTRUCTION_TABLE_49, INSTRUCTION_TABLE_4A, INSTRUCTION_TABLE_4B, INSTRUCTION_TABLE_4C, INSTRUCTION_TABLE_4D, INSTRUCTION_TABLE_4E, INSTRUCTION_TABLE_4F, INSTRUCTION_TABLE_50, INSTRUCTION_TABLE_51, INSTRUCTION_TABLE_52, INSTRUCTION_TABLE_53, INSTRUCTION_TABLE_54, INSTRUCTION_TABLE_55, INSTRUCTION_TABLE_56, INSTRUCTION_TABLE_57, INSTRUCTION_TABLE_58, INSTRUCTION_TABLE_59, INSTRUCTION_TABLE_5A, INSTRUCTION_TABLE_5B, INSTRUCTION_TABLE_5C, INSTRUCTION_TABLE_5D, INSTRUCTION_TABLE_5E, INSTRUCTION_TABLE_5F, INSTRUCTION_TABLE_60, INSTRUCTION_TABLE_61, INSTRUCTION_TABLE_62, INSTRUCTION_TABLE_63, INSTRUCTION_TABLE_64, INSTRUCTION_TABLE_65, INSTRUCTION_TABLE_66, INSTRUCTION_TABLE_67, INSTRUCTION_TABLE_68, INSTRUCTION_TABLE_69, INSTRUCTION_TABLE_6A, INSTRUCTION_TABLE_6B, };

#define JMP_SIZE (14)

BYTE get_instruction_length(BYTE table[], PBYTE instruction)
{
	BYTE i = table[*instruction++];
	return i < 0x10 ? i : get_instruction_length(INSTRUCTION_TABLES[i - 0x10], instruction);
}

bool inline_hook(PVOID dest, PVOID src, PVOID* original)
{
	bool ret = false;
	BYTE length = 0;

	for (PBYTE inst = (PBYTE)src; length < JMP_SIZE;) 
	{
		BYTE l = get_instruction_length(INSTRUCTION_TABLE, inst);
		if (!l)
		{
			return ret;
		}

		inst += l;
		length += l;
	}

	BYTE jmp[] = { 0xFF, 0x25, 0x00, 0x00, 0x00, 0x00, 0x00, 0x00, 0x00, 0x00, 0x00, 0x00, 0x00, 0x00, };
	PVOID copy = ExAllocatePool(NonPagedPool, length + sizeof(jmp));

	if (copy)
	{
		memcpy(copy, src, length);
		*(PVOID*)&jmp[6] = (PBYTE)src + length;
		memcpy((PBYTE)copy + length, jmp, sizeof(jmp));
		BYTE hook[] = { 0xFF, 0x25, 0x00, 0x00, 0x00, 0x00, 0x00, 0x00, 0x00, 0x00, 0x00, 0x00, 0x00, 0x00, 0x90, 0x90, 0x90, 0x90, 0x90, 0x90, 0x90, 0x90, 0x90, 0x90, 0x90, 0x90, 0x90, 0x90, 0x90, 0x90, 0x90 };
		*(PVOID*)&hook[6] = dest;
		PMDL mdl = IoAllocateMdl(src, length, 0, 0, 0);

		if (mdl) 
		{
			MmProbeAndLockPages(mdl, KernelMode, IoModifyAccess);
			PVOID mapped = MmMapLockedPagesSpecifyCache(mdl, KernelMode, MmNonCached, 0, 0, HighPagePriority);

			if (mapped) 
			{
				memcpy(mapped, hook, length);
				MmUnmapLockedPages(mapped, mdl);
				ret = true;
			}

			MmUnlockPages(mdl);
			IoFreeMdl(mdl);
		}

		if (ret)
		{
			*original = copy;
			return ret;
		}
		else 
			ExFreePool(copy);
	}
	return ret;
}

bool inline_unhook(PVOID src, PVOID original)
{
	bool ret = false;
	BYTE length = 0;

	for (PBYTE inst = (PBYTE)original; length < JMP_SIZE; )
	{
		BYTE l = get_instruction_length(INSTRUCTION_TABLE, inst);
		if (!l) 
			return ret;

		inst += l;
		length += l;
	}

	PMDL mdl = IoAllocateMdl(src, length, 0, 0, 0);
	if (mdl)
	{
		MmProbeAndLockPages(mdl, KernelMode, IoModifyAccess);
		PVOID mapped = MmMapLockedPagesSpecifyCache(mdl, KernelMode, MmNonCached, 0, 0, HighPagePriority);

		if (mapped) 
		{
			memcpy(mapped, original, length);
			MmUnmapLockedPages(mapped, mdl);
			ExFreePool(original);
			ret = true;
		}

		MmUnlockPages(mdl);
		IoFreeMdl(mdl);
	}
	return ret;
}
```

`kernel/kernel.inf`:

```inf
;
; kernel.inf
;

[Version]
Signature="$WINDOWS NT$"
Class=Sample ; TODO: edit Class
ClassGuid={78A1C341-4539-11d3-B88D-00C04FAD5171} ; TODO: edit ClassGuid
Provider=%ManufacturerName%
CatalogFile=kernel.cat
DriverVer= ; TODO: set DriverVer in stampinf property pages
PnpLockDown=1

[DestinationDirs]
DefaultDestDir = 12
kernel_Device_CoInstaller_CopyFiles = 11

; ================= Class section =====================

[ClassInstall32]
Addreg=SampleClassReg

[SampleClassReg]
HKR,,,0,%ClassName%
HKR,,Icon,,-5

[SourceDisksNames]
1 = %DiskName%,,,""

[SourceDisksFiles]
kernel.sys  = 1,,
WdfCoInstaller$KMDFCOINSTALLERVERSION$.dll=1 ; make sure the number matches with SourceDisksNames

;*****************************************
; Install Section
;*****************************************

[Manufacturer]
%ManufacturerName%=Standard,NT$ARCH$

[Standard.NT$ARCH$]
%kernel.DeviceDesc%=kernel_Device, Root\kernel ; TODO: edit hw-id

[kernel_Device.NT]
CopyFiles=Drivers_Dir

[Drivers_Dir]
kernel.sys

;-------------- Service installation
[kernel_Device.NT.Services]
AddService = kernel,%SPSVCINST_ASSOCSERVICE%, kernel_Service_Inst

; -------------- kernel driver install sections
[kernel_Service_Inst]
DisplayName    = %kernel.SVCDESC%
ServiceType    = 1               ; SERVICE_KERNEL_DRIVER
StartType      = 3               ; SERVICE_DEMAND_START
ErrorControl   = 1               ; SERVICE_ERROR_NORMAL
ServiceBinary  = %12%\kernel.sys

;
;--- kernel_Device Coinstaller installation ------
;

[kernel_Device.NT.CoInstallers]
AddReg=kernel_Device_CoInstaller_AddReg
CopyFiles=kernel_Device_CoInstaller_CopyFiles

[kernel_Device_CoInstaller_AddReg]
HKR,,CoInstallers32,0x00010000, "WdfCoInstaller$KMDFCOINSTALLERVERSION$.dll,WdfCoInstaller"

[kernel_Device_CoInstaller_CopyFiles]
WdfCoInstaller$KMDFCOINSTALLERVERSION$.dll

[kernel_Device.NT.Wdf]
KmdfService =  kernel, kernel_wdfsect
[kernel_wdfsect]
KmdfLibraryVersion = $KMDFVERSION$

[Strings]
SPSVCINST_ASSOCSERVICE= 0x00000002
ManufacturerName="<Your manufacturer name>" ;TODO: Replace with your manufacturer name
ClassName="Samples" ; TODO: edit ClassName
DiskName = "kernel Installation Disk"
kernel.DeviceDesc = "kernel Device"
kernel.SVCDESC = "kernel Service"

```

`kernel/kernel.vcxproj`:

```vcxproj
<?xml version="1.0" encoding="utf-8"?>
<Project DefaultTargets="Build" ToolsVersion="12.0" xmlns="http://schemas.microsoft.com/developer/msbuild/2003">
  <ItemGroup Label="ProjectConfigurations">
    <ProjectConfiguration Include="Debug|Win32">
      <Configuration>Debug</Configuration>
      <Platform>Win32</Platform>
    </ProjectConfiguration>
    <ProjectConfiguration Include="Release|Win32">
      <Configuration>Release</Configuration>
      <Platform>Win32</Platform>
    </ProjectConfiguration>
    <ProjectConfiguration Include="Debug|x64">
      <Configuration>Debug</Configuration>
      <Platform>x64</Platform>
    </ProjectConfiguration>
    <ProjectConfiguration Include="Release|x64">
      <Configuration>Release</Configuration>
      <Platform>x64</Platform>
    </ProjectConfiguration>
    <ProjectConfiguration Include="Debug|ARM">
      <Configuration>Debug</Configuration>
      <Platform>ARM</Platform>
    </ProjectConfiguration>
    <ProjectConfiguration Include="Release|ARM">
      <Configuration>Release</Configuration>
      <Platform>ARM</Platform>
    </ProjectConfiguration>
    <ProjectConfiguration Include="Debug|ARM64">
      <Configuration>Debug</Configuration>
      <Platform>ARM64</Platform>
    </ProjectConfiguration>
    <ProjectConfiguration Include="Release|ARM64">
      <Configuration>Release</Configuration>
      <Platform>ARM64</Platform>
    </ProjectConfiguration>
  </ItemGroup>
  <PropertyGroup Label="Globals">
    <ProjectGuid>{2211136A-E9DC-44ED-ACB0-F342DC08C4DC}</ProjectGuid>
    <TemplateGuid>{1bc93793-694f-48fe-9372-81e2b05556fd}</TemplateGuid>
    <TargetFrameworkVersion>v4.5</TargetFrameworkVersion>
    <MinimumVisualStudioVersion>12.0</MinimumVisualStudioVersion>
    <Configuration>Debug</Configuration>
    <Platform Condition="'$(Platform)' == ''">Win32</Platform>
    <RootNamespace>kernel</RootNamespace>
    <WindowsTargetPlatformVersion>$(LatestTargetPlatformVersion)</WindowsTargetPlatformVersion>
  </PropertyGroup>
  <Import Project="$(VCTargetsPath)\Microsoft.Cpp.Default.props" />
  <PropertyGroup Condition="'$(Configuration)|$(Platform)'=='Debug|Win32'" Label="Configuration">
    <TargetVersion>Windows10</TargetVersion>
    <UseDebugLibraries>true</UseDebugLibraries>
    <PlatformToolset>WindowsKernelModeDriver10.0</PlatformToolset>
    <ConfigurationType>Driver</ConfigurationType>
    <DriverType>KMDF</DriverType>
    <DriverTargetPlatform>Universal</DriverTargetPlatform>
  </PropertyGroup>
  <PropertyGroup Condition="'$(Configuration)|$(Platform)'=='Release|Win32'" Label="Configuration">
    <TargetVersion>Windows10</TargetVersion>
    <UseDebugLibraries>false</UseDebugLibraries>
    <PlatformToolset>WindowsKernelModeDriver10.0</PlatformToolset>
    <ConfigurationType>Driver</ConfigurationType>
    <DriverType>KMDF</DriverType>
    <DriverTargetPlatform>Universal</DriverTargetPlatform>
  </PropertyGroup>
  <PropertyGroup Condition="'$(Configuration)|$(Platform)'=='Debug|x64'" Label="Configuration">
    <TargetVersion>Windows10</TargetVersion>
    <UseDebugLibraries>true</UseDebugLibraries>
    <PlatformToolset>WindowsKernelModeDriver10.0</PlatformToolset>
    <ConfigurationType>Driver</ConfigurationType>
    <DriverType>KMDF</DriverType>
    <DriverTargetPlatform>Universal</DriverTargetPlatform>
  </PropertyGroup>
  <PropertyGroup Condition="'$(Configuration)|$(Platform)'=='Release|x64'" Label="Configuration">
    <TargetVersion>Windows10</TargetVersion>
    <UseDebugLibraries>false</UseDebugLibraries>
    <PlatformToolset>WindowsKernelModeDriver10.0</PlatformToolset>
    <ConfigurationType>Driver</ConfigurationType>
    <DriverType>KMDF</DriverType>
    <DriverTargetPlatform>Universal</DriverTargetPlatform>
    <Driver_SpectreMitigation>false</Driver_SpectreMitigation>
  </PropertyGroup>
  <PropertyGroup Condition="'$(Configuration)|$(Platform)'=='Debug|ARM'" Label="Configuration">
    <TargetVersion>Windows10</TargetVersion>
    <UseDebugLibraries>true</UseDebugLibraries>
    <PlatformToolset>WindowsKernelModeDriver10.0</PlatformToolset>
    <ConfigurationType>Driver</ConfigurationType>
    <DriverType>KMDF</DriverType>
    <DriverTargetPlatform>Universal</DriverTargetPlatform>
  </PropertyGroup>
  <PropertyGroup Condition="'$(Configuration)|$(Platform)'=='Release|ARM'" Label="Configuration">
    <TargetVersion>Windows10</TargetVersion>
    <UseDebugLibraries>false</UseDebugLibraries>
    <PlatformToolset>WindowsKernelModeDriver10.0</PlatformToolset>
    <ConfigurationType>Driver</ConfigurationType>
    <DriverType>KMDF</DriverType>
    <DriverTargetPlatform>Universal</DriverTargetPlatform>
  </PropertyGroup>
  <PropertyGroup Condition="'$(Configuration)|$(Platform)'=='Debug|ARM64'" Label="Configuration">
    <TargetVersion>Windows10</TargetVersion>
    <UseDebugLibraries>true</UseDebugLibraries>
    <PlatformToolset>WindowsKernelModeDriver10.0</PlatformToolset>
    <ConfigurationType>Driver</ConfigurationType>
    <DriverType>KMDF</DriverType>
    <DriverTargetPlatform>Universal</DriverTargetPlatform>
  </PropertyGroup>
  <PropertyGroup Condition="'$(Configuration)|$(Platform)'=='Release|ARM64'" Label="Configuration">
    <TargetVersion>Windows10</TargetVersion>
    <UseDebugLibraries>false</UseDebugLibraries>
    <PlatformToolset>WindowsKernelModeDriver10.0</PlatformToolset>
    <ConfigurationType>Driver</ConfigurationType>
    <DriverType>KMDF</DriverType>
    <DriverTargetPlatform>Universal</DriverTargetPlatform>
  </PropertyGroup>
  <Import Project="$(VCTargetsPath)\Microsoft.Cpp.props" />
  <ImportGroup Label="ExtensionSettings">
  </ImportGroup>
  <ImportGroup Label="PropertySheets">
    <Import Project="$(UserRootDir)\Microsoft.Cpp.$(Platform).user.props" Condition="exists('$(UserRootDir)\Microsoft.Cpp.$(Platform).user.props')" Label="LocalAppDataPlatform" />
  </ImportGroup>
  <PropertyGroup Label="UserMacros" />
  <PropertyGroup />
  <PropertyGroup Condition="'$(Configuration)|$(Platform)'=='Debug|Win32'">
    <DebuggerFlavor>DbgengKernelDebugger</DebuggerFlavor>
  </PropertyGroup>
  <PropertyGroup Condition="'$(Configuration)|$(Platform)'=='Release|Win32'">
    <DebuggerFlavor>DbgengKernelDebugger</DebuggerFlavor>
  </PropertyGroup>
  <PropertyGroup Condition="'$(Configuration)|$(Platform)'=='Debug|x64'">
    <DebuggerFlavor>DbgengKernelDebugger</DebuggerFlavor>
  </PropertyGroup>
  <PropertyGroup Condition="'$(Configuration)|$(Platform)'=='Release|x64'">
    <DebuggerFlavor>DbgengKernelDebugger</DebuggerFlavor>
  </PropertyGroup>
  <PropertyGroup Condition="'$(Configuration)|$(Platform)'=='Debug|ARM'">
    <DebuggerFlavor>DbgengKernelDebugger</DebuggerFlavor>
  </PropertyGroup>
  <PropertyGroup Condition="'$(Configuration)|$(Platform)'=='Release|ARM'">
    <DebuggerFlavor>DbgengKernelDebugger</DebuggerFlavor>
  </PropertyGroup>
  <PropertyGroup Condition="'$(Configuration)|$(Platform)'=='Debug|ARM64'">
    <DebuggerFlavor>DbgengKernelDebugger</DebuggerFlavor>
  </PropertyGroup>
  <PropertyGroup Condition="'$(Configuration)|$(Platform)'=='Release|ARM64'">
    <DebuggerFlavor>DbgengKernelDebugger</DebuggerFlavor>
  </PropertyGroup>
  <ItemDefinitionGroup Condition="'$(Configuration)|$(Platform)'=='Release|x64'">
    <ClCompile>
      <LanguageStandard>stdcpp17</LanguageStandard>
      <WarningLevel>TurnOffAllWarnings</WarningLevel>
      <TreatWarningAsError>false</TreatWarningAsError>
      <Optimization>MaxSpeed</Optimization>
      <FavorSizeOrSpeed>Speed</FavorSizeOrSpeed>
      <BufferSecurityCheck>false</BufferSecurityCheck>
      <CreateHotpatchableImage>false</CreateHotpatchableImage>
      <ShowIncludes>true</ShowIncludes>
    </ClCompile>
    <Link>
      <GenerateDebugInformation>false</GenerateDebugInformation>
      <TreatLinkerWarningAsErrors>false</TreatLinkerWarningAsErrors>
      <ProgramDatabaseFile />
      <EntryPointSymbol>entry_point</EntryPointSymbol>
    </Link>
  </ItemDefinitionGroup>
  <ItemGroup>
    <Inf Include="kernel.inf" />
  </ItemGroup>
  <ItemGroup>
    <FilesToPackage Include="$(TargetPath)" />
  </ItemGroup>
  <ItemGroup>
    <ClCompile Include="entry.cpp" />
  </ItemGroup>
  <ItemGroup>
    <ClInclude Include="inlinehook\inlinehook.h" />
    <ClInclude Include="library\globals.h" />
    <ClInclude Include="library\hook.h" />
    <ClInclude Include="library\stdint.h" />
    <ClInclude Include="library\structs.h" />
    <ClInclude Include="library\utils.h" />
  </ItemGroup>
  <Import Project="$(VCTargetsPath)\Microsoft.Cpp.targets" />
  <ImportGroup Label="ExtensionTargets">
  </ImportGroup>
</Project>
```

`kernel/kernel.vcxproj.filters`:

```filters
<?xml version="1.0" encoding="utf-8"?>
<Project ToolsVersion="4.0" xmlns="http://schemas.microsoft.com/developer/msbuild/2003">
  <ItemGroup>
    <Filter Include="Source Files">
      <UniqueIdentifier>{4FC737F1-C7A5-4376-A066-2A32D752A2FF}</UniqueIdentifier>
      <Extensions>cpp;c;cc;cxx;def;odl;idl;hpj;bat;asm;asmx</Extensions>
    </Filter>
    <Filter Include="Header Files">
      <UniqueIdentifier>{93995380-89BD-4b04-88EB-625FBE52EBFB}</UniqueIdentifier>
      <Extensions>h;hpp;hxx;hm;inl;inc;xsd</Extensions>
    </Filter>
    <Filter Include="Resource Files">
      <UniqueIdentifier>{67DA6AB6-F800-4c08-8B7A-83BB121AAD01}</UniqueIdentifier>
      <Extensions>rc;ico;cur;bmp;dlg;rc2;rct;bin;rgs;gif;jpg;jpeg;jpe;resx;tiff;tif;png;wav;mfcribbon-ms</Extensions>
    </Filter>
    <Filter Include="Driver Files">
      <UniqueIdentifier>{8E41214B-6785-4CFE-B992-037D68949A14}</UniqueIdentifier>
      <Extensions>inf;inv;inx;mof;mc;</Extensions>
    </Filter>
    <Filter Include="library">
      <UniqueIdentifier>{ae794118-a9c9-4bd9-9045-d8e44de9f315}</UniqueIdentifier>
    </Filter>
    <Filter Include="inlinehook">
      <UniqueIdentifier>{12419114-758c-4064-bbaf-1bd7cec077c6}</UniqueIdentifier>
    </Filter>
  </ItemGroup>
  <ItemGroup>
    <Inf Include="kernel.inf">
      <Filter>Driver Files</Filter>
    </Inf>
  </ItemGroup>
  <ItemGroup>
    <ClCompile Include="entry.cpp">
      <Filter>Source Files</Filter>
    </ClCompile>
  </ItemGroup>
  <ItemGroup>
    <ClInclude Include="library\globals.h">
      <Filter>library</Filter>
    </ClInclude>
    <ClInclude Include="library\utils.h">
      <Filter>library</Filter>
    </ClInclude>
    <ClInclude Include="library\structs.h">
      <Filter>library</Filter>
    </ClInclude>
    <ClInclude Include="library\stdint.h">
      <Filter>library</Filter>
    </ClInclude>
    <ClInclude Include="inlinehook\inlinehook.h">
      <Filter>inlinehook</Filter>
    </ClInclude>
    <ClInclude Include="library\hook.h">
      <Filter>library</Filter>
    </ClInclude>
  </ItemGroup>
</Project>
```

`kernel/kernel.vcxproj.user`:

```user
<?xml version="1.0" encoding="utf-8"?>
<Project ToolsVersion="Current" xmlns="http://schemas.microsoft.com/developer/msbuild/2003">
  <PropertyGroup Condition="'$(Configuration)|$(Platform)'=='Release|x64'">
    <SignMode>Off</SignMode>
  </PropertyGroup>
</Project>
```

`kernel/library/globals.h`:

```h
#pragma once
#include <ntdef.h>
#include <ntifs.h>
#include <ntddk.h>
#include <ntstrsafe.h>
#include <minwindef.h>
#include <ifdef.h>
#include <ntddndis.h>
#include <wdm.h>
#include <intrin.h>
#include <ntimage.h>
#include <ntddmou.h>

#include "../inlinehook/inlinehook.h"

#include "stdint.h"
#include "structs.h"
#include "utils.h"
#include "hook.h"

```

`kernel/library/hook.h`:

```h
#pragma once

VOID(__fastcall* o_MouseClassServiceCallback)(PDEVICE_OBJECT, PMOUSE_INPUT_DATA, PMOUSE_INPUT_DATA, PULONG);

VOID __fastcall h_MouseClassServiceCallback(PDEVICE_OBJECT DeviceObject, PMOUSE_INPUT_DATA InputDataStart, PMOUSE_INPUT_DATA InputDataEnd, PULONG InputDataConsumed)
{
	auto ret_addr = reinterpret_cast<uint64_t>(_ReturnAddress());

	if (ret_addr < mouhid_base ||
		ret_addr > mouhid_base + mouhid_size)
	{
		DbgPrintEx(0, 0, "MouseClassServiceCallback call detect -> 0x%llX\n", ret_addr);
	}

	return o_MouseClassServiceCallback(DeviceObject, InputDataStart, InputDataEnd, InputDataConsumed);
}

NTSTATUS init_hook()
{
	void** p_func = reinterpret_cast<void**>(mouse_obj.service_callback);

	bool b_result = inline_hook((void*)h_MouseClassServiceCallback, p_func, (void**)&o_MouseClassServiceCallback);

	return b_result ? STATUS_SUCCESS : STATUS_UNSUCCESSFUL;
}
```

`kernel/library/stdint.h`:

```h
#pragma once
#define _STDINT

#ifndef RC_INVOKED
typedef signed char        int8_t;
typedef short              int16_t;
typedef int                int32_t;
typedef long long          int64_t;
typedef unsigned char      uint8_t;
typedef unsigned short     uint16_t;
typedef unsigned int       uint32_t;
typedef unsigned long long uint64_t;

typedef signed char        int_least8_t;
typedef short              int_least16_t;
typedef int                int_least32_t;
typedef long long          int_least64_t;
typedef unsigned char      uint_least8_t;
typedef unsigned short     uint_least16_t;
typedef unsigned int       uint_least32_t;
typedef unsigned long long uint_least64_t;

typedef signed char        int_fast8_t;
typedef int                int_fast16_t;
typedef int                int_fast32_t;
typedef long long          int_fast64_t;
typedef unsigned char      uint_fast8_t;
typedef unsigned int       uint_fast16_t;
typedef unsigned int       uint_fast32_t;
typedef unsigned long long uint_fast64_t;

typedef long long          intmax_t;
typedef unsigned long long uintmax_t;

// These macros must exactly match those in the Windows SDK's intsafe.h.
#define INT8_MIN         (-127i8 - 1)
#define INT16_MIN        (-32767i16 - 1)
#define INT32_MIN        (-2147483647i32 - 1)
#define INT64_MIN        (-9223372036854775807i64 - 1)
#define INT8_MAX         127i8
#define INT16_MAX        32767i16
#define INT32_MAX        2147483647i32
#define INT64_MAX        9223372036854775807i64
#define UINT8_MAX        0xffui8
#define UINT16_MAX       0xffffui16
#define UINT32_MAX       0xffffffffui32
#define UINT64_MAX       0xffffffffffffffffui64

#define INT_LEAST8_MIN   INT8_MIN
#define INT_LEAST16_MIN  INT16_MIN
#define INT_LEAST32_MIN  INT32_MIN
#define INT_LEAST64_MIN  INT64_MIN
#define INT_LEAST8_MAX   INT8_MAX
#define INT_LEAST16_MAX  INT16_MAX
#define INT_LEAST32_MAX  INT32_MAX
#define INT_LEAST64_MAX  INT64_MAX
#define UINT_LEAST8_MAX  UINT8_MAX
#define UINT_LEAST16_MAX UINT16_MAX
#define UINT_LEAST32_MAX UINT32_MAX
#define UINT_LEAST64_MAX UINT64_MAX

#define INT_FAST8_MIN    INT8_MIN
#define INT_FAST16_MIN   INT32_MIN
#define INT_FAST32_MIN   INT32_MIN
#define INT_FAST64_MIN   INT64_MIN
#define INT_FAST8_MAX    INT8_MAX
#define INT_FAST16_MAX   INT32_MAX
#define INT_FAST32_MAX   INT32_MAX
#define INT_FAST64_MAX   INT64_MAX
#define UINT_FAST8_MAX   UINT8_MAX
#define UINT_FAST16_MAX  UINT32_MAX
#define UINT_FAST32_MAX  UINT32_MAX
#define UINT_FAST64_MAX  UINT64_MAX

#ifdef _WIN64
#define INTPTR_MIN   INT64_MIN
#define INTPTR_MAX   INT64_MAX
#define UINTPTR_MAX  UINT64_MAX
#else
#define INTPTR_MIN   INT32_MIN
#define INTPTR_MAX   INT32_MAX
#define UINTPTR_MAX  UINT32_MAX
#endif

#define INTMAX_MIN       INT64_MIN
#define INTMAX_MAX       INT64_MAX
#define UINTMAX_MAX      UINT64_MAX

#define PTRDIFF_MIN      INTPTR_MIN
#define PTRDIFF_MAX      INTPTR_MAX

#ifndef SIZE_MAX
#define SIZE_MAX     UINTPTR_MAX
#endif

#define SIG_ATOMIC_MIN   INT32_MIN
#define SIG_ATOMIC_MAX   INT32_MAX

#define WCHAR_MIN        0x0000
#define WCHAR_MAX        0xffff

#define WINT_MIN         0x0000
#define WINT_MAX         0xffff

#define INT8_C(x)    (x)
#define INT16_C(x)   (x)
#define INT32_C(x)   (x)
#define INT64_C(x)   (x ## LL)

#define UINT8_C(x)   (x)
#define UINT16_C(x)  (x)
#define UINT32_C(x)  (x ## U)
#define UINT64_C(x)  (x ## ULL)

#define INTMAX_C(x)  INT64_C(x)
#define UINTMAX_C(x) UINT64_C(x)

#endif // RC_INVOKED

/*
 * Copyright (c) 1992-2012 by P.J. Plauger.  ALL RIGHTS RESERVED.
 * Consult your license regarding permissions and restrictions.
V6.00:0009 */

```

`kernel/library/structs.h`:

```h
#pragma once

typedef struct _LDR_DATA_TABLE_ENTRY
{
	LIST_ENTRY InLoadOrderModuleList;
	LIST_ENTRY InMemoryOrderModuleList;
	LIST_ENTRY InInitializationOrderModuleList;
	PVOID DllBase;
	PVOID EntryPoint;
	ULONG SizeOfImage;
	UNICODE_STRING FullDllName;
	UNICODE_STRING BaseDllName;
	ULONG Flags;
	USHORT LoadCount;
	USHORT TlsIndex;
	LIST_ENTRY HashLinks;
	PVOID SectionPointer;
	ULONG CheckSum;
	ULONG TimeDateStamp;
} LDR_DATA_TABLE_ENTRY, *PLDR_DATA_TABLE_ENTRY;

typedef struct _KLDR_DATA_TABLE_ENTRY
{
	/* 0x0000 */ struct _LIST_ENTRY InLoadOrderLinks;
	/* 0x0010 */ void* ExceptionTable;
	/* 0x0018 */ unsigned long ExceptionTableSize;
	/* 0x001c */ long Padding_687;
	/* 0x0020 */ void* GpValue;
	/* 0x0028 */ struct _NON_PAGED_DEBUG_INFO* NonPagedDebugInfo;
	/* 0x0030 */ void* DllBase;
	/* 0x0038 */ void* EntryPoint;
	/* 0x0040 */ unsigned long SizeOfImage;
	/* 0x0044 */ long Padding_688;
	/* 0x0048 */ struct _UNICODE_STRING FullDllName;
	/* 0x0058 */ struct _UNICODE_STRING BaseDllName;
	/* 0x0068 */ unsigned long Flags;
	/* 0x006c */ unsigned short LoadCount;
	union
	{
		union
		{
			struct /* bitfield */
			{
				/* 0x006e */ unsigned short SignatureLevel : 4; /* bit position: 0 */
				/* 0x006e */ unsigned short SignatureType : 3; /* bit position: 4 */
				/* 0x006e */ unsigned short Unused : 9; /* bit position: 7 */
			}; /* bitfield */
			/* 0x006e */ unsigned short EntireField;
		}; /* size: 0x0002 */
	} /* size: 0x0002 */ u1;
	/* 0x0070 */ void* SectionPointer;
	/* 0x0078 */ unsigned long CheckSum;
	/* 0x007c */ unsigned long CoverageSectionSize;
	/* 0x0080 */ void* CoverageSection;
	/* 0x0088 */ void* LoadedImports;
	/* 0x0090 */ void* Spare;
	/* 0x0098 */ unsigned long SizeOfImageNotRounded;
	/* 0x009c */ unsigned long TimeDateStamp;
} KLDR_DATA_TABLE_ENTRY, *PKLDR_DATA_TABLE_ENTRY; /* size: 0x00a0 */

typedef VOID(*MouseClassServiceCallback)(PDEVICE_OBJECT DeviceObject, PMOUSE_INPUT_DATA InputDataStart, PMOUSE_INPUT_DATA InputDataEnd, PULONG InputDataConsumed);

typedef struct _MOUSE_OBJECT
{
	PDEVICE_OBJECT mouse_device;
	MouseClassServiceCallback service_callback;
} MOUSE_OBJECT, *PMOUSE_OBJECT;

ULONG mouhid_size = 0;
uint64_t mouhid_base = 0;

MOUSE_OBJECT mouse_obj = { 0 };

extern "C"
{
	PLIST_ENTRY NTKERNELAPI PsLoadedModuleList;
	NTKERNELAPI PVOID NTAPI RtlFindExportedRoutineByName(_In_ PVOID ImageBase, _In_ PCCH RoutineName);
	NTKERNELAPI NTSTATUS ObReferenceObjectByName(IN PUNICODE_STRING ObjectName, IN ULONG Attributes, IN PACCESS_STATE PassedAccessState, IN ACCESS_MASK DesiredAccess, IN POBJECT_TYPE ObjectType, IN KPROCESSOR_MODE AccessMode, IN OUT PVOID ParseContext, OUT PVOID* Object);
}

```

`kernel/library/utils.h`:

```h
#pragma once

UNICODE_STRING ansi_to_unicode(const char* str)
{
	UNICODE_STRING unicode;
	ANSI_STRING ansi_str;

	RtlInitAnsiString(&ansi_str, str);
	RtlAnsiStringToUnicodeString(&unicode, &ansi_str, TRUE);

	return unicode;
}

PVOID get_kernel_proc_address(const char* system_routine_name)
{
	UNICODE_STRING name;
	ANSI_STRING ansi_str;

	RtlInitAnsiString(&ansi_str, system_routine_name);
	RtlAnsiStringToUnicodeString(&name, &ansi_str, TRUE);

	return MmGetSystemRoutineAddress(&name);
}

PVOID get_module_base(const char* module_name, ULONG* size_module)
{
	PLIST_ENTRY ps_loaded_module_list = PsLoadedModuleList;
	if (!ps_loaded_module_list)
		return (PVOID)NULL;

	UNICODE_STRING name = ansi_to_unicode(module_name);
	for (PLIST_ENTRY link = ps_loaded_module_list; link != ps_loaded_module_list->Blink; link = link->Flink)
	{
		PLDR_DATA_TABLE_ENTRY entry = CONTAINING_RECORD(link, LDR_DATA_TABLE_ENTRY, InLoadOrderModuleList);

		if (RtlEqualUnicodeString((PCUNICODE_STRING)&entry->BaseDllName, (PCUNICODE_STRING)&name, TRUE))
		{
			*size_module = entry->SizeOfImage;
			
			return (PVOID)entry->DllBase;
		}
	}

	return (PVOID)NULL;
}

NTSTATUS init_mouse(PMOUSE_OBJECT mouse_obj)
{
	PDRIVER_OBJECT class_driver_object = NULL;
	UNICODE_STRING class_string = ansi_to_unicode("\\Driver\\MouClass");
	const POBJECT_TYPE* io_driver_object_type = reinterpret_cast<POBJECT_TYPE*>(MmGetSystemRoutineAddress(&ansi_to_unicode("IoDriverObjectType")));

	NTSTATUS status = ObReferenceObjectByName(&class_string, OBJ_CASE_INSENSITIVE, NULL, 0, *io_driver_object_type, KernelMode, NULL, (PVOID*)&class_driver_object);
	if (!NT_SUCCESS(status))
		return status;

	PDRIVER_OBJECT hid_driver_object = NULL;
	UNICODE_STRING hid_string = ansi_to_unicode("\\Driver\\MouHID");

	status = ObReferenceObjectByName(&hid_string, OBJ_CASE_INSENSITIVE, NULL, 0, *io_driver_object_type, KernelMode, NULL, (PVOID*)&hid_driver_object);
	if (!NT_SUCCESS(status))
	{
		if (class_driver_object)
			ObfDereferenceObject(class_driver_object);

		return status;
	}

	PVOID class_driver_base = NULL;
	PDEVICE_OBJECT hid_device_object = hid_driver_object->DeviceObject;

	while (hid_device_object && !mouse_obj->service_callback)
	{
		PDEVICE_OBJECT class_device_object = class_driver_object->DeviceObject;
		while (class_device_object && !mouse_obj->service_callback)
		{
			if (!class_device_object->NextDevice && !mouse_obj->mouse_device)
				mouse_obj->mouse_device = class_device_object;

			PULONG_PTR device_extension = (PULONG_PTR)hid_device_object->DeviceExtension;
			ULONG_PTR device_ext_size = ((ULONG_PTR)hid_device_object->DeviceObjectExtension - (ULONG_PTR)hid_device_object->DeviceExtension) / 4;
			class_driver_base = class_driver_object->DriverStart;

			for (ULONG_PTR i = 0; i < device_ext_size; i++)
			{
				if (device_extension[i] == (ULONG_PTR)class_device_object && device_extension[i + 1] > (ULONG_PTR)class_driver_object)
				{
					mouse_obj->service_callback = (MouseClassServiceCallback)(device_extension[i + 1]);
					break;
				}
			}
			class_device_object = class_device_object->NextDevice;
		}
		hid_device_object = hid_device_object->AttachedDevice;
	}

	if (!mouse_obj->mouse_device)
	{
		PDEVICE_OBJECT target_device_object = class_driver_object->DeviceObject;
		while (target_device_object)
		{
			if (!target_device_object->NextDevice)
			{
				mouse_obj->mouse_device = target_device_object;
				break;
			}
			target_device_object = target_device_object->NextDevice;
		}
	}

	ObfDereferenceObject(class_driver_object);
	ObfDereferenceObject(hid_driver_object);

	return STATUS_SUCCESS;
}

NTSTATUS init_mouse_service()
{			
	if (!mouse_obj.service_callback || !mouse_obj.mouse_device)
		init_mouse(&mouse_obj);

	mouhid_base = reinterpret_cast<uint64_t>(get_module_base("mouhid.sys", &mouhid_size));

	return (mouse_obj.service_callback != nullptr && mouhid_base != 0 && mouhid_size != 0) ? STATUS_SUCCESS : STATUS_UNSUCCESSFUL;
}

```